{"$schema":"http://schema.management.azure.com/schemas/2015-01-01/deploymentTemplate.json#","contentVersion":"1.0.0.0","parameters":{"factoryName":{"type":"string","metadata":"Data Factory name"},"GoogleCloudStorage":{"type":"string"},"AzureDataLakeStorageadslpisos":{"type":"string"}},"variables":{"factoryId":"[concat('Microsoft.DataFactory/factories/', parameters('factoryName'))]"},"resources":[{"name":"[concat(parameters('factoryName'), '/GCS_ADLS_JSON')]","type":"Microsoft.DataFactory/factories/pipelines","apiVersion":"2018-06-01","properties":{"activities":[{"name":"Copy Development24","type":"Copy","dependsOn":[],"policy":{"timeout":"0.12:00:00","retry":0,"retryIntervalInSeconds":30,"secureOutput":false,"secureInput":false},"userProperties":[],"typeProperties":{"source":{"type":"JsonSource","storeSettings":{"type":"GoogleCloudStorageReadSettings","recursive":true,"wildcardFolderPath":"Nueva carpeta","wildcardFileName":"*.json","enablePartitionDiscovery":false},"formatSettings":{"type":"JsonReadSettings"}},"sink":{"type":"JsonSink","storeSettings":{"type":"AzureBlobFSWriteSettings","copyBehavior":"PreserveHierarchy"},"formatSettings":{"type":"JsonWriteSettings"}},"enableStaging":false},"inputs":[{"referenceName":"JsonSourceGCS24","type":"DatasetReference","parameters":{}}],"outputs":[{"referenceName":"JsonSink24","type":"DatasetReference","parameters":{}}]},{"name":"Copy Barcelona18","type":"Copy","dependsOn":[],"policy":{"timeout":"0.12:00:00","retry":0,"retryIntervalInSeconds":30,"secureOutput":false,"secureInput":false},"userProperties":[],"typeProperties":{"source":{"type":"JsonSource","storeSettings":{"type":"GoogleCloudStorageReadSettings","recursive":true,"wildcardFolderPath":"Barcelona","wildcardFileName":"*.json","enablePartitionDiscovery":false},"formatSettings":{"type":"JsonReadSettings"}},"sink":{"type":"JsonSink","storeSettings":{"type":"AzureBlobFSWriteSettings","copyBehavior":"PreserveHierarchy"},"formatSettings":{"type":"JsonWriteSettings"}},"enableStaging":false},"inputs":[{"referenceName":"JsonSourceGCS18","type":"DatasetReference","parameters":{}}],"outputs":[{"referenceName":"JsonSink18B","type":"DatasetReference","parameters":{}}]},{"name":"Copy Madrid18","type":"Copy","dependsOn":[],"policy":{"timeout":"0.12:00:00","retry":0,"retryIntervalInSeconds":30,"secureOutput":false,"secureInput":false},"userProperties":[],"typeProperties":{"source":{"type":"JsonSource","storeSettings":{"type":"GoogleCloudStorageReadSettings","recursive":true,"wildcardFolderPath":"Madrid","wildcardFileName":"*.json","enablePartitionDiscovery":false},"formatSettings":{"type":"JsonReadSettings"}},"sink":{"type":"JsonSink","storeSettings":{"type":"AzureBlobFSWriteSettings","copyBehavior":"PreserveHierarchy"},"formatSettings":{"type":"JsonWriteSettings"}},"enableStaging":false},"inputs":[{"referenceName":"JsonSourceGCS18","type":"DatasetReference","parameters":{}}],"outputs":[{"referenceName":"JsonSink18M","type":"DatasetReference","parameters":{}}]},{"name":"Copy Valencia18","type":"Copy","dependsOn":[],"policy":{"timeout":"0.12:00:00","retry":0,"retryIntervalInSeconds":30,"secureOutput":false,"secureInput":false},"userProperties":[],"typeProperties":{"source":{"type":"JsonSource","storeSettings":{"type":"GoogleCloudStorageReadSettings","recursive":true,"wildcardFolderPath":"Valencia","wildcardFileName":"*.json","enablePartitionDiscovery":false},"formatSettings":{"type":"JsonReadSettings"}},"sink":{"type":"JsonSink","storeSettings":{"type":"AzureBlobFSWriteSettings"},"formatSettings":{"type":"JsonWriteSettings"}},"enableStaging":false},"inputs":[{"referenceName":"JsonSourceGCS18","type":"DatasetReference","parameters":{}}],"outputs":[{"referenceName":"JsonSink18V","type":"DatasetReference","parameters":{}}]},{"name":"Copy EnrichDATA18","type":"Copy","dependsOn":[],"policy":{"timeout":"0.12:00:00","retry":0,"retryIntervalInSeconds":30,"secureOutput":false,"secureInput":false},"userProperties":[],"typeProperties":{"source":{"type":"JsonSource","storeSettings":{"type":"GoogleCloudStorageReadSettings","recursive":true,"wildcardFolderPath":"OTROS","wildcardFileName":"*.json","enablePartitionDiscovery":false},"formatSettings":{"type":"JsonReadSettings"}},"sink":{"type":"JsonSink","storeSettings":{"type":"AzureBlobFSWriteSettings"},"formatSettings":{"type":"JsonWriteSettings"}},"enableStaging":false},"inputs":[{"referenceName":"JsonSourceGCS18","type":"DatasetReference","parameters":{}}],"outputs":[{"referenceName":"JsonSink18O","type":"DatasetReference","parameters":{}}]}],"policy":{"elapsedTimeMetric":{}},"annotations":[],"lastPublishTime":"2024-09-11T09:58:33Z"},"dependsOn":["[concat(variables('factoryId'), '/datasets/JsonSourceGCS24')]","[concat(variables('factoryId'), '/datasets/JsonSink24')]","[concat(variables('factoryId'), '/datasets/JsonSourceGCS18')]","[concat(variables('factoryId'), '/datasets/JsonSink18B')]","[concat(variables('factoryId'), '/datasets/JsonSink18M')]","[concat(variables('factoryId'), '/datasets/JsonSink18V')]","[concat(variables('factoryId'), '/datasets/JsonSink18O')]"]},{"name":"[concat(parameters('factoryName'), '/JsonSourceGCS24')]","type":"Microsoft.DataFactory/factories/datasets","apiVersion":"2018-06-01","properties":{"linkedServiceName":{"referenceName":"[parameters('GoogleCloudStorage')]","type":"LinkedServiceReference"},"annotations":[],"type":"Json","typeProperties":{"location":{"type":"GoogleCloudStorageLocation","bucketName":"house-data-2024","folderPath":"Nueva carpeta"}},"schema":{"type":"object","properties":{"elementList":{"type":"array","items":{"type":"object","properties":{"propertyCode":{"type":"string"},"thumbnail":{"type":"string"},"externalReference":{"type":"string"},"numPhotos":{"type":"integer"},"price":{"type":"number"},"priceInfo":{"type":"object","properties":{"price":{"type":"object","properties":{"amount":{"type":"number"},"currencySuffix":{"type":"string"}}}}},"propertyType":{"type":"string"},"operation":{"type":"string"},"size":{"type":"number"},"rooms":{"type":"integer"},"bathrooms":{"type":"integer"},"address":{"type":"string"},"province":{"type":"string"},"municipality":{"type":"string"},"district":{"type":"string"},"country":{"type":"string"},"latitude":{"type":"number"},"longitude":{"type":"number"},"showAddress":{"type":"boolean"},"url":{"type":"string"},"distance":{"type":"string"},"description":{"type":"string"},"hasVideo":{"type":"boolean"},"status":{"type":"string"},"newDevelopment":{"type":"boolean"},"parkingSpace":{"type":"object","properties":{"hasParkingSpace":{"type":"boolean"},"isParkingSpaceIncludedInPrice":{"type":"boolean"}}},"priceByArea":{"type":"number"},"detailedType":{"type":"object","properties":{"typology":{"type":"string"},"subTypology":{"type":"string"}}},"suggestedTexts":{"type":"object","properties":{"subtitle":{"type":"string"},"title":{"type":"string"}}},"hasPlan":{"type":"boolean"},"has3DTour":{"type":"boolean"},"has360":{"type":"boolean"},"hasStaging":{"type":"boolean"},"highlight":{"type":"object","properties":{"groupDescription":{"type":"string"}}},"topNewDevelopment":{"type":"boolean"},"topPlus":{"type":"boolean"}}}},"total":{"type":"integer"},"totalPages":{"type":"integer"},"actualPage":{"type":"integer"},"itemsPerPage":{"type":"integer"},"numPaginations":{"type":"integer"},"summary":{"type":"array","items":{"type":"string"}},"alertName":{"type":"string"},"totalAppliedFilters":{"type":"integer"},"lowerRangePosition":{"type":"integer"},"upperRangePosition":{"type":"integer"},"paginable":{"type":"boolean"}}}},"dependsOn":[]},{"name":"[concat(parameters('factoryName'), '/JsonSink24')]","type":"Microsoft.DataFactory/factories/datasets","apiVersion":"2018-06-01","properties":{"linkedServiceName":{"referenceName":"[parameters('AzureDataLakeStorageadslpisos')]","type":"LinkedServiceReference"},"annotations":[],"type":"Json","typeProperties":{"location":{"type":"AzureBlobFSLocation","folderPath":"Developdata","fileSystem":"bronzelayer"}},"schema":{}},"dependsOn":[]},{"name":"[concat(parameters('factoryName'), '/JsonSourceGCS18')]","type":"Microsoft.DataFactory/factories/datasets","apiVersion":"2018-06-01","properties":{"linkedServiceName":{"referenceName":"[parameters('GoogleCloudStorage')]","type":"LinkedServiceReference"},"annotations":[],"type":"Json","typeProperties":{"location":{"type":"GoogleCloudStorageLocation","bucketName":"house_data_18"}},"schema":{}},"dependsOn":[]},{"name":"[concat(parameters('factoryName'), '/JsonSink18B')]","type":"Microsoft.DataFactory/factories/datasets","apiVersion":"2018-06-01","properties":{"linkedServiceName":{"referenceName":"[parameters('AzureDataLakeStorageadslpisos')]","type":"LinkedServiceReference"},"annotations":[],"type":"Json","typeProperties":{"location":{"type":"AzureBlobFSLocation","folderPath":"Barcelona18","fileSystem":"bronzelayer"}},"schema":{}},"dependsOn":[]},{"name":"[concat(parameters('factoryName'), '/JsonSink18M')]","type":"Microsoft.DataFactory/factories/datasets","apiVersion":"2018-06-01","properties":{"linkedServiceName":{"referenceName":"[parameters('AzureDataLakeStorageadslpisos')]","type":"LinkedServiceReference"},"annotations":[],"type":"Json","typeProperties":{"location":{"type":"AzureBlobFSLocation","folderPath":"Madrid18","fileSystem":"bronzelayer"}},"schema":{}},"dependsOn":[]},{"name":"[concat(parameters('factoryName'), '/JsonSink18V')]","type":"Microsoft.DataFactory/factories/datasets","apiVersion":"2018-06-01","properties":{"linkedServiceName":{"referenceName":"[parameters('AzureDataLakeStorageadslpisos')]","type":"LinkedServiceReference"},"annotations":[],"type":"Json","typeProperties":{"location":{"type":"AzureBlobFSLocation","folderPath":"Valencia18","fileSystem":"bronzelayer"}},"schema":{}},"dependsOn":[]},{"name":"[concat(parameters('factoryName'), '/JsonSink18O')]","type":"Microsoft.DataFactory/factories/datasets","apiVersion":"2018-06-01","properties":{"linkedServiceName":{"referenceName":"[parameters('AzureDataLakeStorageadslpisos')]","type":"LinkedServiceReference"},"annotations":[],"type":"Json","typeProperties":{"location":{"type":"AzureBlobFSLocation","folderPath":"ENRICHDATA","fileSystem":"bronzelayer"}},"schema":{}},"dependsOn":[]}]}