{
    "name": "JsonSink18B",
    "properties": {
        "linkedServiceName": {
            "referenceName": "AzureDataLakeStorageadslpisos",
            "type": "LinkedServiceReference"
        },
        "annotations": [],
        "type": "Json",
        "typeProperties": {
            "location": {
                "type": "AzureBlobFSLocation",
                "folderPath": "Barcelona18",
                "fileSystem": "bronzelayer"
            }
        },
        "schema": {}
    },
    "type": "Microsoft.DataFactory/factories/datasets"
}