{
    "$schema": "http://schema.management.azure.com/schemas/2015-01-01/deploymentTemplate.json#",
    "contentVersion": "1.0.0.0",
    "parameters": {
        "factoryName": {
            "type": "string",
            "metadata": "Data Factory name",
            "defaultValue": "DFpisos"
        },
        "AzureDataLakeStorageadslpisos_accountKey": {
            "type": "secureString",
            "metadata": "Secure string for 'accountKey' of 'AzureDataLakeStorageadslpisos'"
        },
        "HttpServerAPIidealist_password": {
            "type": "secureString",
            "metadata": "Secure string for 'password' of 'HttpServerAPIidealist'"
        },
        "RestServicedataset_password": {
            "type": "secureString",
            "metadata": "Secure string for 'password' of 'RestServicedataset'"
        },
        "AzureKeyVaultPisosGCS_properties_typeProperties_baseUrl": {
            "type": "string",
            "defaultValue": "https://akvpisos.vault.azure.net/"
        },
        "GoogleCloudStorage_properties_typeProperties_accessKeyId": {
            "type": "string",
            "defaultValue": "GOOG1EZ3K6M6I7JTZKUOJISJY63GTHHRS3JCFCY3ONFKR6MOIIC3TX7FGIWU6"
        },
        "AzureDataLakeStorageadslpisos_properties_typeProperties_url": {
            "type": "string",
            "defaultValue": "https://adslpisos.dfs.core.windows.net/"
        },
        "HttpServerAPIidealist_properties_typeProperties_url": {
            "type": "string",
            "defaultValue": "https://api.idealista.com"
        },
        "HttpServerAPIidealist_properties_typeProperties_userName": {
            "type": "string",
            "defaultValue": "giovanni"
        },
        "RestServicedataset_properties_typeProperties_url": {
            "type": "string",
            "defaultValue": "https://api.idealista.com"
        },
        "RestServicedataset_properties_typeProperties_userName": {
            "type": "string",
            "defaultValue": "giovanni"
        },
        "containerUri": {
            "type": "string",
            "metadata": "URI to storage account containing linked ARM templates"
        },
        "containerSasToken": {
            "type": "string",
            "metadata": "Sas token to storage account containing linked ARM templates"
        }
    },
    "variables": {
        "factoryId": "[concat('Microsoft.DataFactory/factories/', parameters('factoryName'))]"
    },
    "resources": [
        {
            "name": "DFpisos_ArmTemplate_0",
            "type": "Microsoft.Resources/deployments",
            "apiVersion": "2024-03-01",
            "properties": {
                "mode": "incremental",
                "templateLink": {
                    "uri": "[concat(parameters('containerUri'), '/ArmTemplate_0.json', parameters('containerSasToken'))]",
                    "contentVersion": "1.0.0.0"
                },
                "parameters": {
                    "factoryName": {
                        "value": "[parameters('factoryName')]"
                    },
                    "AzureDataLakeStorageadslpisos_accountKey": {
                        "value": "[parameters('AzureDataLakeStorageadslpisos_accountKey')]"
                    },
                    "HttpServerAPIidealist_password": {
                        "value": "[parameters('HttpServerAPIidealist_password')]"
                    },
                    "RestServicedataset_password": {
                        "value": "[parameters('RestServicedataset_password')]"
                    },
                    "AzureKeyVaultPisosGCS_properties_typeProperties_baseUrl": {
                        "value": "[parameters('AzureKeyVaultPisosGCS_properties_typeProperties_baseUrl')]"
                    },
                    "AzureDataLakeStorageadslpisos_properties_typeProperties_url": {
                        "value": "[parameters('AzureDataLakeStorageadslpisos_properties_typeProperties_url')]"
                    },
                    "HttpServerAPIidealist_properties_typeProperties_url": {
                        "value": "[parameters('HttpServerAPIidealist_properties_typeProperties_url')]"
                    },
                    "HttpServerAPIidealist_properties_typeProperties_userName": {
                        "value": "[parameters('HttpServerAPIidealist_properties_typeProperties_userName')]"
                    },
                    "RestServicedataset_properties_typeProperties_url": {
                        "value": "[parameters('RestServicedataset_properties_typeProperties_url')]"
                    },
                    "RestServicedataset_properties_typeProperties_userName": {
                        "value": "[parameters('RestServicedataset_properties_typeProperties_userName')]"
                    },
                    "GoogleCloudStorage_properties_typeProperties_accessKeyId": {
                        "value": "[parameters('GoogleCloudStorage_properties_typeProperties_accessKeyId')]"
                    }
                }
            },
            "dependsOn": []
        }
    ]
}