{
    "$schema": "http://schema.management.azure.com/schemas/2015-01-01/deploymentTemplate.json#",
    "contentVersion": "1.0.0.0",
    "parameters": {
        "factoryName": {
            "type": "string",
            "metadata": "Data Factory name",
            "defaultValue": "DFpisos"
        },
        "AzureDataLakeStorageadslpisos_accountKey": {
            "type": "secureString",
            "metadata": "Secure string for 'accountKey' of 'AzureDataLakeStorageadslpisos'"
        },
        "HttpServerAPIidealist_password": {
            "type": "secureString",
            "metadata": "Secure string for 'password' of 'HttpServerAPIidealist'"
        },
        "RestServicedataset_password": {
            "type": "secureString",
            "metadata": "Secure string for 'password' of 'RestServicedataset'"
        },
        "AzureKeyVaultPisosGCS_properties_typeProperties_baseUrl": {
            "type": "string",
            "defaultValue": "https://akvpisos.vault.azure.net/"
        },
        "AzureDataLakeStorageadslpisos_properties_typeProperties_url": {
            "type": "string",
            "defaultValue": "https://adslpisos.dfs.core.windows.net/"
        },
        "HttpServerAPIidealist_properties_typeProperties_url": {
            "type": "string",
            "defaultValue": "https://api.idealista.com"
        },
        "HttpServerAPIidealist_properties_typeProperties_userName": {
            "type": "string",
            "defaultValue": "giovanni"
        },
        "RestServicedataset_properties_typeProperties_url": {
            "type": "string",
            "defaultValue": "https://api.idealista.com"
        },
        "RestServicedataset_properties_typeProperties_userName": {
            "type": "string",
            "defaultValue": "giovanni"
        },
        "GoogleCloudStorage_properties_typeProperties_accessKeyId": {
            "type": "string",
            "defaultValue": "GOOG1EZ3K6M6I7JTZKUOJISJY63GTHHRS3JCFCY3ONFKR6MOIIC3TX7FGIWU6"
        }
    },
    "variables": {
        "factoryId": "[concat('Microsoft.DataFactory/factories/', parameters('factoryName'))]"
    },
    "resources": [
        {
            "name": "[concat(parameters('factoryName'), '/integrationRuntimeOnPremise')]",
            "type": "Microsoft.DataFactory/factories/integrationRuntimes",
            "apiVersion": "2018-06-01",
            "properties": {
                "type": "SelfHosted",
                "typeProperties": {}
            },
            "dependsOn": []
        },
        {
            "name": "[concat(parameters('factoryName'), '/integrationRuntimePisosOnPremise')]",
            "type": "Microsoft.DataFactory/factories/integrationRuntimes",
            "apiVersion": "2018-06-01",
            "properties": {
                "type": "SelfHosted",
                "typeProperties": {}
            },
            "dependsOn": []
        },
        {
            "name": "[concat(parameters('factoryName'), '/AzureKeyVaultPisosGCS')]",
            "type": "Microsoft.DataFactory/factories/linkedServices",
            "apiVersion": "2018-06-01",
            "properties": {
                "annotations": [],
                "type": "AzureKeyVault",
                "typeProperties": {
                    "baseUrl": "[parameters('AzureKeyVaultPisosGCS_properties_typeProperties_baseUrl')]"
                }
            },
            "dependsOn": []
        },
        {
            "name": "[concat(parameters('factoryName'), '/AzureDataLakeStorageadslpisos')]",
            "type": "Microsoft.DataFactory/factories/linkedServices",
            "apiVersion": "2018-06-01",
            "properties": {
                "annotations": [],
                "type": "AzureBlobFS",
                "typeProperties": {
                    "url": "[parameters('AzureDataLakeStorageadslpisos_properties_typeProperties_url')]",
                    "accountKey": {
                        "type": "SecureString",
                        "value": "[parameters('AzureDataLakeStorageadslpisos_accountKey')]"
                    }
                }
            },
            "dependsOn": []
        },
        {
            "name": "[concat(parameters('factoryName'), '/HttpServerAPIidealist')]",
            "type": "Microsoft.DataFactory/factories/linkedServices",
            "apiVersion": "2018-06-01",
            "properties": {
                "annotations": [],
                "type": "HttpServer",
                "typeProperties": {
                    "url": "[parameters('HttpServerAPIidealist_properties_typeProperties_url')]",
                    "enableServerCertificateValidation": true,
                    "authenticationType": "Basic",
                    "userName": "[parameters('HttpServerAPIidealist_properties_typeProperties_userName')]",
                    "password": {
                        "type": "SecureString",
                        "value": "[parameters('HttpServerAPIidealist_password')]"
                    }
                }
            },
            "dependsOn": []
        },
        {
            "name": "[concat(parameters('factoryName'), '/RestServicedataset')]",
            "type": "Microsoft.DataFactory/factories/linkedServices",
            "apiVersion": "2018-06-01",
            "properties": {
                "annotations": [],
                "type": "RestService",
                "typeProperties": {
                    "url": "[parameters('RestServicedataset_properties_typeProperties_url')]",
                    "enableServerCertificateValidation": true,
                    "authenticationType": "Basic",
                    "userName": "[parameters('RestServicedataset_properties_typeProperties_userName')]",
                    "password": {
                        "type": "SecureString",
                        "value": "[parameters('RestServicedataset_password')]"
                    }
                }
            },
            "dependsOn": []
        },
        {
            "name": "[concat(parameters('factoryName'), '/pipeline1')]",
            "type": "Microsoft.DataFactory/factories/pipelines",
            "apiVersion": "2018-06-01",
            "properties": {
                "activities": [
                    {
                        "name": "GetToken",
                        "type": "WebActivity",
                        "dependsOn": [],
                        "policy": {
                            "timeout": "0.12:00:00",
                            "retry": 0,
                            "retryIntervalInSeconds": 30,
                            "secureOutput": false,
                            "secureInput": false
                        },
                        "userProperties": [],
                        "typeProperties": {
                            "method": "POST",
                            "headers": {
                                "Content-Type": "application/x-www-form-urlencoded"
                            },
                            "url": "https://api.idealista.com/oauth/token",
                            "body": "grant_type=client_credentials&client_id=<APIKEY>&client_secret=<SECRET>&scope=read\n"
                        }
                    }
                ],
                "policy": {
                    "elapsedTimeMetric": {}
                },
                "annotations": [],
                "lastPublishTime": "2024-09-11T12:58:43Z"
            },
            "dependsOn": []
        },
        {
            "name": "[concat(parameters('factoryName'), '/GoogleCloudStorage')]",
            "type": "Microsoft.DataFactory/factories/linkedServices",
            "apiVersion": "2018-06-01",
            "properties": {
                "annotations": [],
                "type": "GoogleCloudStorage",
                "typeProperties": {
                    "serviceUrl": "https://storage.googleapis.com",
                    "accessKeyId": "[parameters('GoogleCloudStorage_properties_typeProperties_accessKeyId')]",
                    "secretAccessKey": {
                        "type": "AzureKeyVaultSecret",
                        "store": {
                            "referenceName": "AzureKeyVaultPisosGCS",
                            "type": "LinkedServiceReference"
                        },
                        "secretName": "PisosGCS"
                    }
                }
            },
            "dependsOn": [
                "[concat(variables('factoryId'), '/linkedServices/AzureKeyVaultPisosGCS')]"
            ]
        },
        {
            "name": "[concat(parameters('factoryName'), '/JsonSink18V')]",
            "type": "Microsoft.DataFactory/factories/datasets",
            "apiVersion": "2018-06-01",
            "properties": {
                "linkedServiceName": {
                    "referenceName": "AzureDataLakeStorageadslpisos",
                    "type": "LinkedServiceReference"
                },
                "annotations": [],
                "type": "Json",
                "typeProperties": {
                    "location": {
                        "type": "AzureBlobFSLocation",
                        "folderPath": "Valencia18",
                        "fileSystem": "bronzelayer"
                    }
                },
                "schema": {}
            },
            "dependsOn": [
                "[concat(variables('factoryId'), '/linkedServices/AzureDataLakeStorageadslpisos')]"
            ]
        },
        {
            "name": "[concat(parameters('factoryName'), '/JsonSink18B')]",
            "type": "Microsoft.DataFactory/factories/datasets",
            "apiVersion": "2018-06-01",
            "properties": {
                "linkedServiceName": {
                    "referenceName": "AzureDataLakeStorageadslpisos",
                    "type": "LinkedServiceReference"
                },
                "annotations": [],
                "type": "Json",
                "typeProperties": {
                    "location": {
                        "type": "AzureBlobFSLocation",
                        "folderPath": "Barcelona18",
                        "fileSystem": "bronzelayer"
                    }
                },
                "schema": {}
            },
            "dependsOn": [
                "[concat(variables('factoryId'), '/linkedServices/AzureDataLakeStorageadslpisos')]"
            ]
        },
        {
            "name": "[concat(parameters('factoryName'), '/JsonSink18O')]",
            "type": "Microsoft.DataFactory/factories/datasets",
            "apiVersion": "2018-06-01",
            "properties": {
                "linkedServiceName": {
                    "referenceName": "AzureDataLakeStorageadslpisos",
                    "type": "LinkedServiceReference"
                },
                "annotations": [],
                "type": "Json",
                "typeProperties": {
                    "location": {
                        "type": "AzureBlobFSLocation",
                        "folderPath": "ENRICHDATA",
                        "fileSystem": "bronzelayer"
                    }
                },
                "schema": {}
            },
            "dependsOn": [
                "[concat(variables('factoryId'), '/linkedServices/AzureDataLakeStorageadslpisos')]"
            ]
        },
        {
            "name": "[concat(parameters('factoryName'), '/JsonSink18M')]",
            "type": "Microsoft.DataFactory/factories/datasets",
            "apiVersion": "2018-06-01",
            "properties": {
                "linkedServiceName": {
                    "referenceName": "AzureDataLakeStorageadslpisos",
                    "type": "LinkedServiceReference"
                },
                "annotations": [],
                "type": "Json",
                "typeProperties": {
                    "location": {
                        "type": "AzureBlobFSLocation",
                        "folderPath": "Madrid18",
                        "fileSystem": "bronzelayer"
                    }
                },
                "schema": {}
            },
            "dependsOn": [
                "[concat(variables('factoryId'), '/linkedServices/AzureDataLakeStorageadslpisos')]"
            ]
        },
        {
            "name": "[concat(parameters('factoryName'), '/JsonSink24')]",
            "type": "Microsoft.DataFactory/factories/datasets",
            "apiVersion": "2018-06-01",
            "properties": {
                "linkedServiceName": {
                    "referenceName": "AzureDataLakeStorageadslpisos",
                    "type": "LinkedServiceReference"
                },
                "annotations": [],
                "type": "Json",
                "typeProperties": {
                    "location": {
                        "type": "AzureBlobFSLocation",
                        "folderPath": "Developdata",
                        "fileSystem": "bronzelayer"
                    }
                },
                "schema": {}
            },
            "dependsOn": [
                "[concat(variables('factoryId'), '/linkedServices/AzureDataLakeStorageadslpisos')]"
            ]
        },
        {
            "name": "[concat(parameters('factoryName'), '/RestResourceDataset')]",
            "type": "Microsoft.DataFactory/factories/datasets",
            "apiVersion": "2018-06-01",
            "properties": {
                "linkedServiceName": {
                    "referenceName": "RestServicedataset",
                    "type": "LinkedServiceReference"
                },
                "annotations": [],
                "type": "RestResource",
                "typeProperties": {},
                "schema": []
            },
            "dependsOn": [
                "[concat(variables('factoryId'), '/linkedServices/RestServicedataset')]"
            ]
        },
        {
            "name": "[concat(parameters('factoryName'), '/JsonSinkrequest24')]",
            "type": "Microsoft.DataFactory/factories/datasets",
            "apiVersion": "2018-06-01",
            "properties": {
                "linkedServiceName": {
                    "referenceName": "AzureDataLakeStorageadslpisos",
                    "type": "LinkedServiceReference"
                },
                "annotations": [],
                "type": "Json",
                "typeProperties": {
                    "location": {
                        "type": "AzureBlobFSLocation",
                        "folderPath": "RequestData",
                        "fileSystem": "bronzelayer"
                    }
                },
                "schema": {}
            },
            "dependsOn": [
                "[concat(variables('factoryId'), '/linkedServices/AzureDataLakeStorageadslpisos')]"
            ]
        },
        {
            "name": "[concat(parameters('factoryName'), '/JsonSourceGCS24')]",
            "type": "Microsoft.DataFactory/factories/datasets",
            "apiVersion": "2018-06-01",
            "properties": {
                "linkedServiceName": {
                    "referenceName": "GoogleCloudStorage",
                    "type": "LinkedServiceReference"
                },
                "annotations": [],
                "type": "Json",
                "typeProperties": {
                    "location": {
                        "type": "GoogleCloudStorageLocation",
                        "bucketName": "house-data-2024",
                        "folderPath": "Nueva carpeta"
                    }
                },
                "schema": {
                    "type": "object",
                    "properties": {
                        "elementList": {
                            "type": "array",
                            "items": {
                                "type": "object",
                                "properties": {
                                    "propertyCode": {
                                        "type": "string"
                                    },
                                    "thumbnail": {
                                        "type": "string"
                                    },
                                    "externalReference": {
                                        "type": "string"
                                    },
                                    "numPhotos": {
                                        "type": "integer"
                                    },
                                    "price": {
                                        "type": "number"
                                    },
                                    "priceInfo": {
                                        "type": "object",
                                        "properties": {
                                            "price": {
                                                "type": "object",
                                                "properties": {
                                                    "amount": {
                                                        "type": "number"
                                                    },
                                                    "currencySuffix": {
                                                        "type": "string"
                                                    }
                                                }
                                            }
                                        }
                                    },
                                    "propertyType": {
                                        "type": "string"
                                    },
                                    "operation": {
                                        "type": "string"
                                    },
                                    "size": {
                                        "type": "number"
                                    },
                                    "rooms": {
                                        "type": "integer"
                                    },
                                    "bathrooms": {
                                        "type": "integer"
                                    },
                                    "address": {
                                        "type": "string"
                                    },
                                    "province": {
                                        "type": "string"
                                    },
                                    "municipality": {
                                        "type": "string"
                                    },
                                    "district": {
                                        "type": "string"
                                    },
                                    "country": {
                                        "type": "string"
                                    },
                                    "latitude": {
                                        "type": "number"
                                    },
                                    "longitude": {
                                        "type": "number"
                                    },
                                    "showAddress": {
                                        "type": "boolean"
                                    },
                                    "url": {
                                        "type": "string"
                                    },
                                    "distance": {
                                        "type": "string"
                                    },
                                    "description": {
                                        "type": "string"
                                    },
                                    "hasVideo": {
                                        "type": "boolean"
                                    },
                                    "status": {
                                        "type": "string"
                                    },
                                    "newDevelopment": {
                                        "type": "boolean"
                                    },
                                    "parkingSpace": {
                                        "type": "object",
                                        "properties": {
                                            "hasParkingSpace": {
                                                "type": "boolean"
                                            },
                                            "isParkingSpaceIncludedInPrice": {
                                                "type": "boolean"
                                            }
                                        }
                                    },
                                    "priceByArea": {
                                        "type": "number"
                                    },
                                    "detailedType": {
                                        "type": "object",
                                        "properties": {
                                            "typology": {
                                                "type": "string"
                                            },
                                            "subTypology": {
                                                "type": "string"
                                            }
                                        }
                                    },
                                    "suggestedTexts": {
                                        "type": "object",
                                        "properties": {
                                            "subtitle": {
                                                "type": "string"
                                            },
                                            "title": {
                                                "type": "string"
                                            }
                                        }
                                    },
                                    "hasPlan": {
                                        "type": "boolean"
                                    },
                                    "has3DTour": {
                                        "type": "boolean"
                                    },
                                    "has360": {
                                        "type": "boolean"
                                    },
                                    "hasStaging": {
                                        "type": "boolean"
                                    },
                                    "highlight": {
                                        "type": "object",
                                        "properties": {
                                            "groupDescription": {
                                                "type": "string"
                                            }
                                        }
                                    },
                                    "topNewDevelopment": {
                                        "type": "boolean"
                                    },
                                    "topPlus": {
                                        "type": "boolean"
                                    }
                                }
                            }
                        },
                        "total": {
                            "type": "integer"
                        },
                        "totalPages": {
                            "type": "integer"
                        },
                        "actualPage": {
                            "type": "integer"
                        },
                        "itemsPerPage": {
                            "type": "integer"
                        },
                        "numPaginations": {
                            "type": "integer"
                        },
                        "summary": {
                            "type": "array",
                            "items": {
                                "type": "string"
                            }
                        },
                        "alertName": {
                            "type": "string"
                        },
                        "totalAppliedFilters": {
                            "type": "integer"
                        },
                        "lowerRangePosition": {
                            "type": "integer"
                        },
                        "upperRangePosition": {
                            "type": "integer"
                        },
                        "paginable": {
                            "type": "boolean"
                        }
                    }
                }
            },
            "dependsOn": [
                "[concat(variables('factoryId'), '/linkedServices/GoogleCloudStorage')]"
            ]
        },
        {
            "name": "[concat(parameters('factoryName'), '/JsonSourceGCS18')]",
            "type": "Microsoft.DataFactory/factories/datasets",
            "apiVersion": "2018-06-01",
            "properties": {
                "linkedServiceName": {
                    "referenceName": "GoogleCloudStorage",
                    "type": "LinkedServiceReference"
                },
                "annotations": [],
                "type": "Json",
                "typeProperties": {
                    "location": {
                        "type": "GoogleCloudStorageLocation",
                        "bucketName": "house_data_18"
                    }
                },
                "schema": {}
            },
            "dependsOn": [
                "[concat(variables('factoryId'), '/linkedServices/GoogleCloudStorage')]"
            ]
        },
        {
            "name": "[concat(parameters('factoryName'), '/REQUEST')]",
            "type": "Microsoft.DataFactory/factories/pipelines",
            "apiVersion": "2018-06-01",
            "properties": {
                "activities": [
                    {
                        "name": "GetToken",
                        "type": "WebActivity",
                        "dependsOn": [],
                        "policy": {
                            "timeout": "0.12:00:00",
                            "retry": 0,
                            "retryIntervalInSeconds": 30,
                            "secureOutput": false,
                            "secureInput": false
                        },
                        "userProperties": [],
                        "typeProperties": {
                            "method": "POST",
                            "headers": {
                                "Content-Type": "application/x-www-form-urlencoded"
                            },
                            "url": "https://api.idealista.com/oauth/token",
                            "body": "grant_type=client_credentials&client_id=<APIKEY>&client_secret=<SECRET>&scope=read\n"
                        }
                    },
                    {
                        "name": "ForEachCoordinates",
                        "type": "ForEach",
                        "dependsOn": [
                            {
                                "activity": "GetToken",
                                "dependencyConditions": [
                                    "Succeeded"
                                ]
                            }
                        ],
                        "userProperties": [],
                        "typeProperties": {
                            "items": {
                                "value": "[\n    {\n        \"latitude\": 40.350367,\n        \"longitude\": -3.573238\n    },\n    {\n        \"latitude\": 40.279844,\n        \"longitude\": -3.820807\n    }\n]\n",
                                "type": "Expression"
                            },
                            "activities": [
                                {
                                    "name": "Copy data2",
                                    "type": "Copy",
                                    "dependsOn": [
                                        {
                                            "activity": "SearchProperties",
                                            "dependencyConditions": [
                                                "Succeeded"
                                            ]
                                        }
                                    ],
                                    "policy": {
                                        "timeout": "0.12:00:00",
                                        "retry": 0,
                                        "retryIntervalInSeconds": 30,
                                        "secureOutput": false,
                                        "secureInput": false
                                    },
                                    "userProperties": [
                                        {}
                                    ],
                                    "typeProperties": {
                                        "source": {
                                            "type": "RestSource",
                                            "httpRequestTimeout": "00:01:40",
                                            "requestInterval": "00.00:00:00.010",
                                            "requestMethod": "POST",
                                            "requestBody": {
                                                "value": "{\n    \"center\": \"@{item().latitude},@{item().longitude}\",\n    \"propertyType\": \"homes\",\n    \"distance\": \"1000\",\n    \"operation\": \"sale\"\n}\n",
                                                "type": "Expression"
                                            },
                                            "additionalHeaders": {
                                                "Authorization": "Bearer @activity('GetToken').output.access_token"
                                            },
                                            "paginationRules": {
                                                "supportRFC5988": "true"
                                            }
                                        },
                                        "sink": {
                                            "type": "JsonSink",
                                            "storeSettings": {
                                                "type": "AzureBlobFSWriteSettings",
                                                "copyBehavior": "PreserveHierarchy"
                                            },
                                            "formatSettings": {
                                                "type": "JsonWriteSettings",
                                                "filePattern": {
                                                    "value": "properties_@{item().latitude}_@{item().longitude}_@{utcnow()}.json\n",
                                                    "type": "Expression"
                                                }
                                            }
                                        },
                                        "enableStaging": false
                                    },
                                    "inputs": [
                                        {
                                            "referenceName": "RestResourceDataset",
                                            "type": "DatasetReference",
                                            "parameters": {}
                                        }
                                    ],
                                    "outputs": [
                                        {
                                            "referenceName": "JsonSinkrequest24",
                                            "type": "DatasetReference",
                                            "parameters": {}
                                        }
                                    ]
                                },
                                {
                                    "name": "SearchProperties",
                                    "type": "WebActivity",
                                    "dependsOn": [],
                                    "policy": {
                                        "timeout": "0.12:00:00",
                                        "retry": 0,
                                        "retryIntervalInSeconds": 30,
                                        "secureOutput": false,
                                        "secureInput": false
                                    },
                                    "userProperties": [],
                                    "typeProperties": {
                                        "method": "POST",
                                        "headers": {
                                            "Authorization": "Bearer @activity('GetToken').output.access_token"
                                        },
                                        "url": "https://api.idealista.com/3.5/es/search",
                                        "body": {
                                            "center": "@{item().latitude},@{item().longitude}",
                                            "propertyType": "homes",
                                            "distance": "1000",
                                            "operation": "sale"
                                        }
                                    }
                                }
                            ]
                        }
                    }
                ],
                "policy": {
                    "elapsedTimeMetric": {}
                },
                "annotations": [],
                "lastPublishTime": "2024-09-11T12:56:05Z"
            },
            "dependsOn": [
                "[concat(variables('factoryId'), '/datasets/RestResourceDataset')]",
                "[concat(variables('factoryId'), '/datasets/JsonSinkrequest24')]"
            ]
        },
        {
            "name": "[concat(parameters('factoryName'), '/GCS_ADLS_JSON')]",
            "type": "Microsoft.DataFactory/factories/pipelines",
            "apiVersion": "2018-06-01",
            "properties": {
                "activities": [
                    {
                        "name": "Copy Development24",
                        "type": "Copy",
                        "dependsOn": [],
                        "policy": {
                            "timeout": "0.12:00:00",
                            "retry": 0,
                            "retryIntervalInSeconds": 30,
                            "secureOutput": false,
                            "secureInput": false
                        },
                        "userProperties": [],
                        "typeProperties": {
                            "source": {
                                "type": "JsonSource",
                                "storeSettings": {
                                    "type": "GoogleCloudStorageReadSettings",
                                    "recursive": true,
                                    "wildcardFolderPath": "Nueva carpeta",
                                    "wildcardFileName": "*.json",
                                    "enablePartitionDiscovery": false
                                },
                                "formatSettings": {
                                    "type": "JsonReadSettings"
                                }
                            },
                            "sink": {
                                "type": "JsonSink",
                                "storeSettings": {
                                    "type": "AzureBlobFSWriteSettings",
                                    "copyBehavior": "PreserveHierarchy"
                                },
                                "formatSettings": {
                                    "type": "JsonWriteSettings"
                                }
                            },
                            "enableStaging": false
                        },
                        "inputs": [
                            {
                                "referenceName": "JsonSourceGCS24",
                                "type": "DatasetReference",
                                "parameters": {}
                            }
                        ],
                        "outputs": [
                            {
                                "referenceName": "JsonSink24",
                                "type": "DatasetReference",
                                "parameters": {}
                            }
                        ]
                    },
                    {
                        "name": "Copy Barcelona18",
                        "type": "Copy",
                        "dependsOn": [],
                        "policy": {
                            "timeout": "0.12:00:00",
                            "retry": 0,
                            "retryIntervalInSeconds": 30,
                            "secureOutput": false,
                            "secureInput": false
                        },
                        "userProperties": [],
                        "typeProperties": {
                            "source": {
                                "type": "JsonSource",
                                "storeSettings": {
                                    "type": "GoogleCloudStorageReadSettings",
                                    "recursive": true,
                                    "wildcardFolderPath": "Barcelona",
                                    "wildcardFileName": "*.json",
                                    "enablePartitionDiscovery": false
                                },
                                "formatSettings": {
                                    "type": "JsonReadSettings"
                                }
                            },
                            "sink": {
                                "type": "JsonSink",
                                "storeSettings": {
                                    "type": "AzureBlobFSWriteSettings",
                                    "copyBehavior": "PreserveHierarchy"
                                },
                                "formatSettings": {
                                    "type": "JsonWriteSettings"
                                }
                            },
                            "enableStaging": false
                        },
                        "inputs": [
                            {
                                "referenceName": "JsonSourceGCS18",
                                "type": "DatasetReference",
                                "parameters": {}
                            }
                        ],
                        "outputs": [
                            {
                                "referenceName": "JsonSink18B",
                                "type": "DatasetReference",
                                "parameters": {}
                            }
                        ]
                    },
                    {
                        "name": "Copy Madrid18",
                        "type": "Copy",
                        "dependsOn": [],
                        "policy": {
                            "timeout": "0.12:00:00",
                            "retry": 0,
                            "retryIntervalInSeconds": 30,
                            "secureOutput": false,
                            "secureInput": false
                        },
                        "userProperties": [],
                        "typeProperties": {
                            "source": {
                                "type": "JsonSource",
                                "storeSettings": {
                                    "type": "GoogleCloudStorageReadSettings",
                                    "recursive": true,
                                    "wildcardFolderPath": "Madrid",
                                    "wildcardFileName": "*.json",
                                    "enablePartitionDiscovery": false
                                },
                                "formatSettings": {
                                    "type": "JsonReadSettings"
                                }
                            },
                            "sink": {
                                "type": "JsonSink",
                                "storeSettings": {
                                    "type": "AzureBlobFSWriteSettings",
                                    "copyBehavior": "PreserveHierarchy"
                                },
                                "formatSettings": {
                                    "type": "JsonWriteSettings"
                                }
                            },
                            "enableStaging": false
                        },
                        "inputs": [
                            {
                                "referenceName": "JsonSourceGCS18",
                                "type": "DatasetReference",
                                "parameters": {}
                            }
                        ],
                        "outputs": [
                            {
                                "referenceName": "JsonSink18M",
                                "type": "DatasetReference",
                                "parameters": {}
                            }
                        ]
                    },
                    {
                        "name": "Copy Valencia18",
                        "type": "Copy",
                        "dependsOn": [],
                        "policy": {
                            "timeout": "0.12:00:00",
                            "retry": 0,
                            "retryIntervalInSeconds": 30,
                            "secureOutput": false,
                            "secureInput": false
                        },
                        "userProperties": [],
                        "typeProperties": {
                            "source": {
                                "type": "JsonSource",
                                "storeSettings": {
                                    "type": "GoogleCloudStorageReadSettings",
                                    "recursive": true,
                                    "wildcardFolderPath": "Valencia",
                                    "wildcardFileName": "*.json",
                                    "enablePartitionDiscovery": false
                                },
                                "formatSettings": {
                                    "type": "JsonReadSettings"
                                }
                            },
                            "sink": {
                                "type": "JsonSink",
                                "storeSettings": {
                                    "type": "AzureBlobFSWriteSettings"
                                },
                                "formatSettings": {
                                    "type": "JsonWriteSettings"
                                }
                            },
                            "enableStaging": false
                        },
                        "inputs": [
                            {
                                "referenceName": "JsonSourceGCS18",
                                "type": "DatasetReference",
                                "parameters": {}
                            }
                        ],
                        "outputs": [
                            {
                                "referenceName": "JsonSink18V",
                                "type": "DatasetReference",
                                "parameters": {}
                            }
                        ]
                    },
                    {
                        "name": "Copy EnrichDATA18",
                        "type": "Copy",
                        "dependsOn": [],
                        "policy": {
                            "timeout": "0.12:00:00",
                            "retry": 0,
                            "retryIntervalInSeconds": 30,
                            "secureOutput": false,
                            "secureInput": false
                        },
                        "userProperties": [],
                        "typeProperties": {
                            "source": {
                                "type": "JsonSource",
                                "storeSettings": {
                                    "type": "GoogleCloudStorageReadSettings",
                                    "recursive": true,
                                    "wildcardFolderPath": "OTROS",
                                    "wildcardFileName": "*.json",
                                    "enablePartitionDiscovery": false
                                },
                                "formatSettings": {
                                    "type": "JsonReadSettings"
                                }
                            },
                            "sink": {
                                "type": "JsonSink",
                                "storeSettings": {
                                    "type": "AzureBlobFSWriteSettings"
                                },
                                "formatSettings": {
                                    "type": "JsonWriteSettings"
                                }
                            },
                            "enableStaging": false
                        },
                        "inputs": [
                            {
                                "referenceName": "JsonSourceGCS18",
                                "type": "DatasetReference",
                                "parameters": {}
                            }
                        ],
                        "outputs": [
                            {
                                "referenceName": "JsonSink18O",
                                "type": "DatasetReference",
                                "parameters": {}
                            }
                        ]
                    }
                ],
                "policy": {
                    "elapsedTimeMetric": {}
                },
                "annotations": [],
                "lastPublishTime": "2024-09-11T09:58:33Z"
            },
            "dependsOn": [
                "[concat(variables('factoryId'), '/datasets/JsonSourceGCS24')]",
                "[concat(variables('factoryId'), '/datasets/JsonSink24')]",
                "[concat(variables('factoryId'), '/datasets/JsonSourceGCS18')]",
                "[concat(variables('factoryId'), '/datasets/JsonSink18B')]",
                "[concat(variables('factoryId'), '/datasets/JsonSink18M')]",
                "[concat(variables('factoryId'), '/datasets/JsonSink18V')]",
                "[concat(variables('factoryId'), '/datasets/JsonSink18O')]"
            ]
        }
    ]
}