{
    "$schema": "https://schema.management.azure.com/schemas/2015-01-01/deploymentParameters.json#",
    "contentVersion": "1.0.0.0",
    "parameters": {
        "factoryName": {
            "value": "DFpisos"
        },
        "AzureDataLakeStorageadslpisos_accountKey": {
            "value": ""
        },
        "HttpServerAPIidealist_password": {
            "value": ""
        },
        "RestServicedataset_password": {
            "value": ""
        },
        "AzureKeyVaultPisosGCS_properties_typeProperties_baseUrl": {
            "value": "https://akvpisos.vault.azure.net/"
        },
        "GoogleCloudStorage_properties_typeProperties_accessKeyId": {
            "value": "GOOG1EZ3K6M6I7JTZKUOJISJY63GTHHRS3JCFCY3ONFKR6MOIIC3TX7FGIWU6"
        },
        "AzureDataLakeStorageadslpisos_properties_typeProperties_url": {
            "value": "https://adslpisos.dfs.core.windows.net/"
        },
        "HttpServerAPIidealist_properties_typeProperties_url": {
            "value": "https://api.idealista.com"
        },
        "HttpServerAPIidealist_properties_typeProperties_userName": {
            "value": "giovanni"
        },
        "RestServicedataset_properties_typeProperties_url": {
            "value": "https://api.idealista.com"
        },
        "RestServicedataset_properties_typeProperties_userName": {
            "value": "giovanni"
        }
    }
}