{
    "now": "2024-10-04T10:53:44.484Z",
    "perfNow": 96027.09999990463,
    "diagnosticCorrelation": "07e896a6-d30b-479b-9839-c06db92f6008",
    "source": "DownloadSupportFiles",
    "environment": {
        "productName": "adf",
        "buildVersion": "1.0.091324.5",
        "environmentType": 3,
        "resourceName": "DFpisos",
        "resourceRegion": "northeurope",
        "resourceGroup": "AzurePisos",
        "subscriptionId": "287a1b92-4cdc-4139-9d27-02b364b6c027",
        "sessionId": "1f6ORhGnP+ITAEBOlaKjsV",
        "operationId": "",
        "gitType": "live",
        "loggingKey": "c636801a-29eb-4bac-a271-e6fdfa2a9bbe"
    },
    "additionalInfo": {
        "selectedResource": "JsonSink18B",
        "selectedResourceType": "dataset"
    }
}