{"$schema":"http://schema.management.azure.com/schemas/2015-01-01/deploymentTemplate.json#","contentVersion":"1.0.0.0","parameters":{"factoryName":{"type":"string","metadata":"Data Factory name"},"RestServicedataset":{"type":"string"},"AzureDataLakeStorageadslpisos":{"type":"string"}},"variables":{"factoryId":"[concat('Microsoft.DataFactory/factories/', parameters('factoryName'))]"},"resources":[{"name":"[concat(parameters('factoryName'), '/REQUEST')]","type":"Microsoft.DataFactory/factories/pipelines","apiVersion":"2018-06-01","properties":{"activities":[{"name":"GetToken","type":"WebActivity","dependsOn":[],"policy":{"timeout":"0.12:00:00","retry":0,"retryIntervalInSeconds":30,"secureOutput":false,"secureInput":false},"userProperties":[],"typeProperties":{"method":"POST","headers":{"Content-Type":"application/x-www-form-urlencoded"},"url":"https://api.idealista.com/oauth/token","body":"grant_type=client_credentials&client_id=<APIKEY>&client_secret=<SECRET>&scope=read\n"}},{"name":"ForEachCoordinates","type":"ForEach","dependsOn":[{"activity":"GetToken","dependencyConditions":["Succeeded"]}],"userProperties":[],"typeProperties":{"items":{"value":"[\n    {\n        \"latitude\": 40.350367,\n        \"longitude\": -3.573238\n    },\n    {\n        \"latitude\": 40.279844,\n        \"longitude\": -3.820807\n    }\n]\n","type":"Expression"},"activities":[{"name":"Copy data2","type":"Copy","dependsOn":[{"activity":"SearchProperties","dependencyConditions":["Succeeded"]}],"policy":{"timeout":"0.12:00:00","retry":0,"retryIntervalInSeconds":30,"secureOutput":false,"secureInput":false},"userProperties":[{}],"typeProperties":{"source":{"type":"RestSource","httpRequestTimeout":"00:01:40","requestInterval":"00.00:00:00.010","requestMethod":"POST","requestBody":{"value":"{\n    \"center\": \"@{item().latitude},@{item().longitude}\",\n    \"propertyType\": \"homes\",\n    \"distance\": \"1000\",\n    \"operation\": \"sale\"\n}\n","type":"Expression"},"additionalHeaders":{"Authorization":"Bearer @activity('GetToken').output.access_token"},"paginationRules":{"supportRFC5988":"true"}},"sink":{"type":"JsonSink","storeSettings":{"type":"AzureBlobFSWriteSettings","copyBehavior":"PreserveHierarchy"},"formatSettings":{"type":"JsonWriteSettings","filePattern":{"value":"properties_@{item().latitude}_@{item().longitude}_@{utcnow()}.json\n","type":"Expression"}}},"enableStaging":false},"inputs":[{"referenceName":"RestResourceDataset","type":"DatasetReference","parameters":{}}],"outputs":[{"referenceName":"JsonSinkrequest24","type":"DatasetReference","parameters":{}}]},{"name":"SearchProperties","type":"WebActivity","dependsOn":[],"policy":{"timeout":"0.12:00:00","retry":0,"retryIntervalInSeconds":30,"secureOutput":false,"secureInput":false},"userProperties":[],"typeProperties":{"method":"POST","headers":{"Authorization":"Bearer @activity('GetToken').output.access_token"},"url":"https://api.idealista.com/3.5/es/search","body":{"center":"@{item().latitude},@{item().longitude}","propertyType":"homes","distance":"1000","operation":"sale"}}}]}}],"policy":{"elapsedTimeMetric":{}},"annotations":[],"lastPublishTime":"2024-09-11T12:56:05Z"},"dependsOn":["[concat(variables('factoryId'), '/datasets/RestResourceDataset')]","[concat(variables('factoryId'), '/datasets/JsonSinkrequest24')]"]},{"name":"[concat(parameters('factoryName'), '/RestResourceDataset')]","type":"Microsoft.DataFactory/factories/datasets","apiVersion":"2018-06-01","properties":{"linkedServiceName":{"referenceName":"[parameters('RestServicedataset')]","type":"LinkedServiceReference"},"annotations":[],"type":"RestResource","typeProperties":{},"schema":[]},"dependsOn":[]},{"name":"[concat(parameters('factoryName'), '/JsonSinkrequest24')]","type":"Microsoft.DataFactory/factories/datasets","apiVersion":"2018-06-01","properties":{"linkedServiceName":{"referenceName":"[parameters('AzureDataLakeStorageadslpisos')]","type":"LinkedServiceReference"},"annotations":[],"type":"Json","typeProperties":{"location":{"type":"AzureBlobFSLocation","folderPath":"RequestData","fileSystem":"bronzelayer"}},"schema":{}},"dependsOn":[]}]}