{
    "$schema": "https://schema.management.azure.com/schemas/2015-01-01/deploymentParameters.json#",
    "contentVersion": "1.0.0.0",
    "parameters": {
        "sites_APIidelist_name": {
            "value": null
        },
        "vaults_akvpisos_name": {
            "value": null
        },
        "components_APIidelist_name": {
            "value": null
        },
        "storageAccounts_adslpisos_name": {
            "value": null
        },
        "serverfarms_ASP_AzurePisos_a6ea_name": {
            "value": null
        },
        "databaseAccounts_cdbpisos_name": {
            "value": null
        },
        "userAssignedIdentities_MIAVKapi_name": {
            "value": null
        },
        "accessConnectors_AccessConectorDBPisos_name": {
            "value": null
        },
        "actionGroups_Application_Insights_Smart_Detection_name": {
            "value": null
        },
        "workspaces_DefaultWorkspace_287a1b92_4cdc_4139_9d27_02b364b6c027_NEU_externalid": {
            "value": null
        }
    }
}