{
    "$schema": "https://schema.management.azure.com/schemas/2019-04-01/deploymentTemplate.json#",
    "contentVersion": "1.0.0.0",
    "parameters": {
        "sites_APIidelist_name": {
            "defaultValue": "APIidelist",
            "type": "String"
        },
        "vaults_akvpisos_name": {
            "defaultValue": "akvpisos",
            "type": "String"
        },
        "components_APIidelist_name": {
            "defaultValue": "APIidelist",
            "type": "String"
        },
        "storageAccounts_adslpisos_name": {
            "defaultValue": "adslpisos",
            "type": "String"
        },
        "serverfarms_ASP_AzurePisos_a6ea_name": {
            "defaultValue": "ASP-AzurePisos-a6ea",
            "type": "String"
        },
        "databaseAccounts_cdbpisos_name": {
            "defaultValue": "cdbpisos",
            "type": "String"
        },
        "userAssignedIdentities_MIAVKapi_name": {
            "defaultValue": "MIAVKapi",
            "type": "String"
        },
        "accessConnectors_AccessConectorDBPisos_name": {
            "defaultValue": "AccessConectorDBPisos",
            "type": "String"
        },
        "actionGroups_Application_Insights_Smart_Detection_name": {
            "defaultValue": "Application Insights Smart Detection",
            "type": "String"
        },
        "workspaces_DefaultWorkspace_287a1b92_4cdc_4139_9d27_02b364b6c027_NEU_externalid": {
            "defaultValue": "/subscriptions/287a1b92-4cdc-4139-9d27-02b364b6c027/resourceGroups/DefaultResourceGroup-NEU/providers/Microsoft.OperationalInsights/workspaces/DefaultWorkspace-287a1b92-4cdc-4139-9d27-02b364b6c027-NEU",
            "type": "String"
        }
    },
    "variables": {},
    "resources": [
        {
            "type": "Microsoft.Databricks/accessConnectors",
            "apiVersion": "2024-05-01",
            "name": "[parameters('accessConnectors_AccessConectorDBPisos_name')]",
            "location": "northeurope",
            "identity": {
                "type": "SystemAssigned"
            },
            "properties": {}
        },
        {
            "type": "Microsoft.DocumentDB/databaseAccounts",
            "apiVersion": "2024-05-15",
            "name": "[parameters('databaseAccounts_cdbpisos_name')]",
            "location": "North Europe",
            "tags": {
                "defaultExperience": "Core (SQL)",
                "projectpisos": "cosmosdbBATCH",
                "hidden-cosmos-mmspecial": ""
            },
            "kind": "GlobalDocumentDB",
            "identity": {
                "type": "None"
            },
            "properties": {
                "publicNetworkAccess": "Enabled",
                "enableAutomaticFailover": false,
                "enableMultipleWriteLocations": false,
                "isVirtualNetworkFilterEnabled": false,
                "virtualNetworkRules": [],
                "disableKeyBasedMetadataWriteAccess": false,
                "enableFreeTier": true,
                "enableAnalyticalStorage": false,
                "analyticalStorageConfiguration": {
                    "schemaType": "WellDefined"
                },
                "databaseAccountOfferType": "Standard",
                "defaultIdentity": "FirstPartyIdentity",
                "networkAclBypass": "None",
                "disableLocalAuth": false,
                "enablePartitionMerge": false,
                "enableBurstCapacity": false,
                "minimalTlsVersion": "Tls12",
                "consistencyPolicy": {
                    "defaultConsistencyLevel": "Session",
                    "maxIntervalInSeconds": 5,
                    "maxStalenessPrefix": 100
                },
                "locations": [
                    {
                        "locationName": "North Europe",
                        "failoverPriority": 0,
                        "isZoneRedundant": false
                    }
                ],
                "cors": [],
                "capabilities": [],
                "ipRules": [],
                "backupPolicy": {
                    "type": "Periodic",
                    "periodicModeProperties": {
                        "backupIntervalInMinutes": 240,
                        "backupRetentionIntervalInHours": 8,
                        "backupStorageRedundancy": "Geo"
                    }
                },
                "networkAclBypassResourceIds": [],
                "capacity": {
                    "totalThroughputLimit": 1000
                }
            }
        },
        {
            "type": "microsoft.insights/actionGroups",
            "apiVersion": "2023-09-01-preview",
            "name": "[parameters('actionGroups_Application_Insights_Smart_Detection_name')]",
            "location": "Global",
            "properties": {
                "groupShortName": "SmartDetect",
                "enabled": true,
                "emailReceivers": [],
                "smsReceivers": [],
                "webhookReceivers": [],
                "eventHubReceivers": [],
                "itsmReceivers": [],
                "azureAppPushReceivers": [],
                "automationRunbookReceivers": [],
                "voiceReceivers": [],
                "logicAppReceivers": [],
                "azureFunctionReceivers": [],
                "armRoleReceivers": [
                    {
                        "name": "Monitoring Contributor",
                        "roleId": "749f88d5-cbae-40b8-bcfc-e573ddc772fa",
                        "useCommonAlertSchema": true
                    },
                    {
                        "name": "Monitoring Reader",
                        "roleId": "43d0d8ad-25c7-4714-9337-8ba259a9fe05",
                        "useCommonAlertSchema": true
                    }
                ]
            }
        },
        {
            "type": "microsoft.insights/components",
            "apiVersion": "2020-02-02",
            "name": "[parameters('components_APIidelist_name')]",
            "location": "northeurope",
            "tags": {
                "projectpisos": "functionAPIidealist"
            },
            "kind": "web",
            "properties": {
                "Application_Type": "web",
                "Flow_Type": "Redfield",
                "Request_Source": "IbizaWebAppExtensionCreate",
                "RetentionInDays": 90,
                "WorkspaceResourceId": "[parameters('workspaces_DefaultWorkspace_287a1b92_4cdc_4139_9d27_02b364b6c027_NEU_externalid')]",
                "IngestionMode": "LogAnalytics",
                "publicNetworkAccessForIngestion": "Enabled",
                "publicNetworkAccessForQuery": "Enabled"
            }
        },
        {
            "type": "Microsoft.KeyVault/vaults",
            "apiVersion": "2024-04-01-preview",
            "name": "[parameters('vaults_akvpisos_name')]",
            "location": "eastus",
            "properties": {
                "sku": {
                    "family": "A",
                    "name": "Standard"
                },
                "tenantId": "cf36141c-ddd7-45a7-b073-111f66d0b30c",
                "networkAcls": {
                    "bypass": "None",
                    "defaultAction": "Allow",
                    "ipRules": [],
                    "virtualNetworkRules": []
                },
                "accessPolicies": [],
                "enabledForDeployment": false,
                "enabledForDiskEncryption": false,
                "enabledForTemplateDeployment": false,
                "enableSoftDelete": true,
                "softDeleteRetentionInDays": 90,
                "enableRbacAuthorization": true,
                "vaultUri": "[concat('https://', parameters('vaults_akvpisos_name'), '.vault.azure.net/')]",
                "provisioningState": "Succeeded",
                "publicNetworkAccess": "Enabled"
            }
        },
        {
            "type": "Microsoft.ManagedIdentity/userAssignedIdentities",
            "apiVersion": "2023-07-31-preview",
            "name": "[parameters('userAssignedIdentities_MIAVKapi_name')]",
            "location": "northeurope"
        },
        {
            "type": "Microsoft.Storage/storageAccounts",
            "apiVersion": "2023-05-01",
            "name": "[parameters('storageAccounts_adslpisos_name')]",
            "location": "northeurope",
            "tags": {
                "ProjectPisos": "DataLake"
            },
            "sku": {
                "name": "Standard_LRS",
                "tier": "Standard"
            },
            "kind": "StorageV2",
            "properties": {
                "dnsEndpointType": "Standard",
                "defaultToOAuthAuthentication": false,
                "publicNetworkAccess": "Enabled",
                "allowCrossTenantReplication": false,
                "isSftpEnabled": false,
                "minimumTlsVersion": "TLS1_2",
                "allowBlobPublicAccess": true,
                "allowSharedKeyAccess": true,
                "largeFileSharesState": "Enabled",
                "isHnsEnabled": true,
                "networkAcls": {
                    "bypass": "AzureServices",
                    "virtualNetworkRules": [],
                    "ipRules": [],
                    "defaultAction": "Allow"
                },
                "supportsHttpsTrafficOnly": true,
                "encryption": {
                    "requireInfrastructureEncryption": false,
                    "services": {
                        "file": {
                            "keyType": "Account",
                            "enabled": true
                        },
                        "blob": {
                            "keyType": "Account",
                            "enabled": true
                        }
                    },
                    "keySource": "Microsoft.Storage"
                },
                "accessTier": "Hot"
            }
        },
        {
            "type": "Microsoft.Web/serverfarms",
            "apiVersion": "2023-12-01",
            "name": "[parameters('serverfarms_ASP_AzurePisos_a6ea_name')]",
            "location": "North Europe",
            "tags": {
                "projectpisos": "functionAPIidealist"
            },
            "sku": {
                "name": "Y1",
                "tier": "Dynamic",
                "size": "Y1",
                "family": "Y",
                "capacity": 0
            },
            "kind": "functionapp",
            "properties": {
                "perSiteScaling": false,
                "elasticScaleEnabled": false,
                "maximumElasticWorkerCount": 1,
                "isSpot": false,
                "reserved": true,
                "isXenon": false,
                "hyperV": false,
                "targetWorkerCount": 0,
                "targetWorkerSizeId": 0,
                "zoneRedundant": false
            }
        },
        {
            "type": "Microsoft.DocumentDB/databaseAccounts/sqlRoleDefinitions",
            "apiVersion": "2024-05-15",
            "name": "[concat(parameters('databaseAccounts_cdbpisos_name'), '/00000000-0000-0000-0000-000000000001')]",
            "dependsOn": [
                "[resourceId('Microsoft.DocumentDB/databaseAccounts', parameters('databaseAccounts_cdbpisos_name'))]"
            ],
            "properties": {
                "roleName": "Cosmos DB Built-in Data Reader",
                "type": "BuiltInRole",
                "assignableScopes": [
                    "[resourceId('Microsoft.DocumentDB/databaseAccounts', parameters('databaseAccounts_cdbpisos_name'))]"
                ],
                "permissions": [
                    {
                        "dataActions": [
                            "Microsoft.DocumentDB/databaseAccounts/readMetadata",
                            "Microsoft.DocumentDB/databaseAccounts/sqlDatabases/containers/executeQuery",
                            "Microsoft.DocumentDB/databaseAccounts/sqlDatabases/containers/readChangeFeed",
                            "Microsoft.DocumentDB/databaseAccounts/sqlDatabases/containers/items/read"
                        ],
                        "notDataActions": []
                    }
                ]
            }
        },
        {
            "type": "Microsoft.DocumentDB/databaseAccounts/sqlRoleDefinitions",
            "apiVersion": "2024-05-15",
            "name": "[concat(parameters('databaseAccounts_cdbpisos_name'), '/00000000-0000-0000-0000-000000000002')]",
            "dependsOn": [
                "[resourceId('Microsoft.DocumentDB/databaseAccounts', parameters('databaseAccounts_cdbpisos_name'))]"
            ],
            "properties": {
                "roleName": "Cosmos DB Built-in Data Contributor",
                "type": "BuiltInRole",
                "assignableScopes": [
                    "[resourceId('Microsoft.DocumentDB/databaseAccounts', parameters('databaseAccounts_cdbpisos_name'))]"
                ],
                "permissions": [
                    {
                        "dataActions": [
                            "Microsoft.DocumentDB/databaseAccounts/readMetadata",
                            "Microsoft.DocumentDB/databaseAccounts/sqlDatabases/containers/*",
                            "Microsoft.DocumentDB/databaseAccounts/sqlDatabases/containers/items/*"
                        ],
                        "notDataActions": []
                    }
                ]
            }
        },
        {
            "type": "microsoft.insights/components/ProactiveDetectionConfigs",
            "apiVersion": "2018-05-01-preview",
            "name": "[concat(parameters('components_APIidelist_name'), '/degradationindependencyduration')]",
            "location": "northeurope",
            "dependsOn": [
                "[resourceId('microsoft.insights/components', parameters('components_APIidelist_name'))]"
            ],
            "properties": {
                "ruleDefinitions": {
                    "Name": "degradationindependencyduration",
                    "DisplayName": "Degradation in dependency duration",
                    "Description": "Smart Detection rules notify you of performance anomaly issues.",
                    "HelpUrl": "https://docs.microsoft.com/en-us/azure/application-insights/app-insights-proactive-performance-diagnostics",
                    "IsHidden": false,
                    "IsEnabledByDefault": true,
                    "IsInPreview": false,
                    "SupportsEmailNotifications": true
                },
                "enabled": true,
                "sendEmailsToSubscriptionOwners": true,
                "customEmails": []
            }
        },
        {
            "type": "microsoft.insights/components/ProactiveDetectionConfigs",
            "apiVersion": "2018-05-01-preview",
            "name": "[concat(parameters('components_APIidelist_name'), '/degradationinserverresponsetime')]",
            "location": "northeurope",
            "dependsOn": [
                "[resourceId('microsoft.insights/components', parameters('components_APIidelist_name'))]"
            ],
            "properties": {
                "ruleDefinitions": {
                    "Name": "degradationinserverresponsetime",
                    "DisplayName": "Degradation in server response time",
                    "Description": "Smart Detection rules notify you of performance anomaly issues.",
                    "HelpUrl": "https://docs.microsoft.com/en-us/azure/application-insights/app-insights-proactive-performance-diagnostics",
                    "IsHidden": false,
                    "IsEnabledByDefault": true,
                    "IsInPreview": false,
                    "SupportsEmailNotifications": true
                },
                "enabled": true,
                "sendEmailsToSubscriptionOwners": true,
                "customEmails": []
            }
        },
        {
            "type": "microsoft.insights/components/ProactiveDetectionConfigs",
            "apiVersion": "2018-05-01-preview",
            "name": "[concat(parameters('components_APIidelist_name'), '/digestMailConfiguration')]",
            "location": "northeurope",
            "dependsOn": [
                "[resourceId('microsoft.insights/components', parameters('components_APIidelist_name'))]"
            ],
            "properties": {
                "ruleDefinitions": {
                    "Name": "digestMailConfiguration",
                    "DisplayName": "Digest Mail Configuration",
                    "Description": "This rule describes the digest mail preferences",
                    "HelpUrl": "www.homail.com",
                    "IsHidden": true,
                    "IsEnabledByDefault": true,
                    "IsInPreview": false,
                    "SupportsEmailNotifications": true
                },
                "enabled": true,
                "sendEmailsToSubscriptionOwners": true,
                "customEmails": []
            }
        },
        {
            "type": "microsoft.insights/components/ProactiveDetectionConfigs",
            "apiVersion": "2018-05-01-preview",
            "name": "[concat(parameters('components_APIidelist_name'), '/extension_billingdatavolumedailyspikeextension')]",
            "location": "northeurope",
            "dependsOn": [
                "[resourceId('microsoft.insights/components', parameters('components_APIidelist_name'))]"
            ],
            "properties": {
                "ruleDefinitions": {
                    "Name": "extension_billingdatavolumedailyspikeextension",
                    "DisplayName": "Abnormal rise in daily data volume (preview)",
                    "Description": "This detection rule automatically analyzes the billing data generated by your application, and can warn you about an unusual increase in your application's billing costs",
                    "HelpUrl": "https://github.com/Microsoft/ApplicationInsights-Home/tree/master/SmartDetection/billing-data-volume-daily-spike.md",
                    "IsHidden": false,
                    "IsEnabledByDefault": true,
                    "IsInPreview": true,
                    "SupportsEmailNotifications": false
                },
                "enabled": true,
                "sendEmailsToSubscriptionOwners": true,
                "customEmails": []
            }
        },
        {
            "type": "microsoft.insights/components/ProactiveDetectionConfigs",
            "apiVersion": "2018-05-01-preview",
            "name": "[concat(parameters('components_APIidelist_name'), '/extension_canaryextension')]",
            "location": "northeurope",
            "dependsOn": [
                "[resourceId('microsoft.insights/components', parameters('components_APIidelist_name'))]"
            ],
            "properties": {
                "ruleDefinitions": {
                    "Name": "extension_canaryextension",
                    "DisplayName": "Canary extension",
                    "Description": "Canary extension",
                    "HelpUrl": "https://github.com/Microsoft/ApplicationInsights-Home/blob/master/SmartDetection/",
                    "IsHidden": true,
                    "IsEnabledByDefault": true,
                    "IsInPreview": true,
                    "SupportsEmailNotifications": false
                },
                "enabled": true,
                "sendEmailsToSubscriptionOwners": true,
                "customEmails": []
            }
        },
        {
            "type": "microsoft.insights/components/ProactiveDetectionConfigs",
            "apiVersion": "2018-05-01-preview",
            "name": "[concat(parameters('components_APIidelist_name'), '/extension_exceptionchangeextension')]",
            "location": "northeurope",
            "dependsOn": [
                "[resourceId('microsoft.insights/components', parameters('components_APIidelist_name'))]"
            ],
            "properties": {
                "ruleDefinitions": {
                    "Name": "extension_exceptionchangeextension",
                    "DisplayName": "Abnormal rise in exception volume (preview)",
                    "Description": "This detection rule automatically analyzes the exceptions thrown in your application, and can warn you about unusual patterns in your exception telemetry.",
                    "HelpUrl": "https://github.com/Microsoft/ApplicationInsights-Home/blob/master/SmartDetection/abnormal-rise-in-exception-volume.md",
                    "IsHidden": false,
                    "IsEnabledByDefault": true,
                    "IsInPreview": true,
                    "SupportsEmailNotifications": false
                },
                "enabled": true,
                "sendEmailsToSubscriptionOwners": true,
                "customEmails": []
            }
        },
        {
            "type": "microsoft.insights/components/ProactiveDetectionConfigs",
            "apiVersion": "2018-05-01-preview",
            "name": "[concat(parameters('components_APIidelist_name'), '/extension_memoryleakextension')]",
            "location": "northeurope",
            "dependsOn": [
                "[resourceId('microsoft.insights/components', parameters('components_APIidelist_name'))]"
            ],
            "properties": {
                "ruleDefinitions": {
                    "Name": "extension_memoryleakextension",
                    "DisplayName": "Potential memory leak detected (preview)",
                    "Description": "This detection rule automatically analyzes the memory consumption of each process in your application, and can warn you about potential memory leaks or increased memory consumption.",
                    "HelpUrl": "https://github.com/Microsoft/ApplicationInsights-Home/tree/master/SmartDetection/memory-leak.md",
                    "IsHidden": false,
                    "IsEnabledByDefault": true,
                    "IsInPreview": true,
                    "SupportsEmailNotifications": false
                },
                "enabled": true,
                "sendEmailsToSubscriptionOwners": true,
                "customEmails": []
            }
        },
        {
            "type": "microsoft.insights/components/ProactiveDetectionConfigs",
            "apiVersion": "2018-05-01-preview",
            "name": "[concat(parameters('components_APIidelist_name'), '/extension_securityextensionspackage')]",
            "location": "northeurope",
            "dependsOn": [
                "[resourceId('microsoft.insights/components', parameters('components_APIidelist_name'))]"
            ],
            "properties": {
                "ruleDefinitions": {
                    "Name": "extension_securityextensionspackage",
                    "DisplayName": "Potential security issue detected (preview)",
                    "Description": "This detection rule automatically analyzes the telemetry generated by your application and detects potential security issues.",
                    "HelpUrl": "https://github.com/Microsoft/ApplicationInsights-Home/blob/master/SmartDetection/application-security-detection-pack.md",
                    "IsHidden": false,
                    "IsEnabledByDefault": true,
                    "IsInPreview": true,
                    "SupportsEmailNotifications": false
                },
                "enabled": true,
                "sendEmailsToSubscriptionOwners": true,
                "customEmails": []
            }
        },
        {
            "type": "microsoft.insights/components/ProactiveDetectionConfigs",
            "apiVersion": "2018-05-01-preview",
            "name": "[concat(parameters('components_APIidelist_name'), '/extension_traceseveritydetector')]",
            "location": "northeurope",
            "dependsOn": [
                "[resourceId('microsoft.insights/components', parameters('components_APIidelist_name'))]"
            ],
            "properties": {
                "ruleDefinitions": {
                    "Name": "extension_traceseveritydetector",
                    "DisplayName": "Degradation in trace severity ratio (preview)",
                    "Description": "This detection rule automatically analyzes the trace logs emitted from your application, and can warn you about unusual patterns in the severity of your trace telemetry.",
                    "HelpUrl": "https://github.com/Microsoft/ApplicationInsights-Home/blob/master/SmartDetection/degradation-in-trace-severity-ratio.md",
                    "IsHidden": false,
                    "IsEnabledByDefault": true,
                    "IsInPreview": true,
                    "SupportsEmailNotifications": false
                },
                "enabled": true,
                "sendEmailsToSubscriptionOwners": true,
                "customEmails": []
            }
        },
        {
            "type": "microsoft.insights/components/ProactiveDetectionConfigs",
            "apiVersion": "2018-05-01-preview",
            "name": "[concat(parameters('components_APIidelist_name'), '/longdependencyduration')]",
            "location": "northeurope",
            "dependsOn": [
                "[resourceId('microsoft.insights/components', parameters('components_APIidelist_name'))]"
            ],
            "properties": {
                "ruleDefinitions": {
                    "Name": "longdependencyduration",
                    "DisplayName": "Long dependency duration",
                    "Description": "Smart Detection rules notify you of performance anomaly issues.",
                    "HelpUrl": "https://docs.microsoft.com/en-us/azure/application-insights/app-insights-proactive-performance-diagnostics",
                    "IsHidden": false,
                    "IsEnabledByDefault": true,
                    "IsInPreview": false,
                    "SupportsEmailNotifications": true
                },
                "enabled": true,
                "sendEmailsToSubscriptionOwners": true,
                "customEmails": []
            }
        },
        {
            "type": "microsoft.insights/components/ProactiveDetectionConfigs",
            "apiVersion": "2018-05-01-preview",
            "name": "[concat(parameters('components_APIidelist_name'), '/migrationToAlertRulesCompleted')]",
            "location": "northeurope",
            "dependsOn": [
                "[resourceId('microsoft.insights/components', parameters('components_APIidelist_name'))]"
            ],
            "properties": {
                "ruleDefinitions": {
                    "Name": "migrationToAlertRulesCompleted",
                    "DisplayName": "Migration To Alert Rules Completed",
                    "Description": "A configuration that controls the migration state of Smart Detection to Smart Alerts",
                    "HelpUrl": "https://docs.microsoft.com/en-us/azure/application-insights/app-insights-proactive-performance-diagnostics",
                    "IsHidden": true,
                    "IsEnabledByDefault": false,
                    "IsInPreview": true,
                    "SupportsEmailNotifications": false
                },
                "enabled": false,
                "sendEmailsToSubscriptionOwners": true,
                "customEmails": []
            }
        },
        {
            "type": "microsoft.insights/components/ProactiveDetectionConfigs",
            "apiVersion": "2018-05-01-preview",
            "name": "[concat(parameters('components_APIidelist_name'), '/slowpageloadtime')]",
            "location": "northeurope",
            "dependsOn": [
                "[resourceId('microsoft.insights/components', parameters('components_APIidelist_name'))]"
            ],
            "properties": {
                "ruleDefinitions": {
                    "Name": "slowpageloadtime",
                    "DisplayName": "Slow page load time",
                    "Description": "Smart Detection rules notify you of performance anomaly issues.",
                    "HelpUrl": "https://docs.microsoft.com/en-us/azure/application-insights/app-insights-proactive-performance-diagnostics",
                    "IsHidden": false,
                    "IsEnabledByDefault": true,
                    "IsInPreview": false,
                    "SupportsEmailNotifications": true
                },
                "enabled": true,
                "sendEmailsToSubscriptionOwners": true,
                "customEmails": []
            }
        },
        {
            "type": "microsoft.insights/components/ProactiveDetectionConfigs",
            "apiVersion": "2018-05-01-preview",
            "name": "[concat(parameters('components_APIidelist_name'), '/slowserverresponsetime')]",
            "location": "northeurope",
            "dependsOn": [
                "[resourceId('microsoft.insights/components', parameters('components_APIidelist_name'))]"
            ],
            "properties": {
                "ruleDefinitions": {
                    "Name": "slowserverresponsetime",
                    "DisplayName": "Slow server response time",
                    "Description": "Smart Detection rules notify you of performance anomaly issues.",
                    "HelpUrl": "https://docs.microsoft.com/en-us/azure/application-insights/app-insights-proactive-performance-diagnostics",
                    "IsHidden": false,
                    "IsEnabledByDefault": true,
                    "IsInPreview": false,
                    "SupportsEmailNotifications": true
                },
                "enabled": true,
                "sendEmailsToSubscriptionOwners": true,
                "customEmails": []
            }
        },
        {
            "type": "Microsoft.KeyVault/vaults/secrets",
            "apiVersion": "2024-04-01-preview",
            "name": "[concat(parameters('vaults_akvpisos_name'), '/APIkeyIDE')]",
            "location": "eastus",
            "dependsOn": [
                "[resourceId('Microsoft.KeyVault/vaults', parameters('vaults_akvpisos_name'))]"
            ],
            "properties": {
                "attributes": {
                    "enabled": true
                }
            }
        },
        {
            "type": "Microsoft.KeyVault/vaults/secrets",
            "apiVersion": "2024-04-01-preview",
            "name": "[concat(parameters('vaults_akvpisos_name'), '/GCSkey')]",
            "location": "eastus",
            "dependsOn": [
                "[resourceId('Microsoft.KeyVault/vaults', parameters('vaults_akvpisos_name'))]"
            ],
            "properties": {
                "attributes": {
                    "enabled": true
                }
            }
        },
        {
            "type": "Microsoft.KeyVault/vaults/secrets",
            "apiVersion": "2024-04-01-preview",
            "name": "[concat(parameters('vaults_akvpisos_name'), '/GCSpisos')]",
            "location": "eastus",
            "dependsOn": [
                "[resourceId('Microsoft.KeyVault/vaults', parameters('vaults_akvpisos_name'))]"
            ],
            "properties": {
                "attributes": {
                    "enabled": true
                }
            }
        },
        {
            "type": "Microsoft.KeyVault/vaults/secrets",
            "apiVersion": "2024-04-01-preview",
            "name": "[concat(parameters('vaults_akvpisos_name'), '/PisosGCS')]",
            "location": "eastus",
            "dependsOn": [
                "[resourceId('Microsoft.KeyVault/vaults', parameters('vaults_akvpisos_name'))]"
            ],
            "properties": {
                "attributes": {
                    "enabled": true
                }
            }
        },
        {
            "type": "Microsoft.Storage/storageAccounts/blobServices",
            "apiVersion": "2023-05-01",
            "name": "[concat(parameters('storageAccounts_adslpisos_name'), '/default')]",
            "dependsOn": [
                "[resourceId('Microsoft.Storage/storageAccounts', parameters('storageAccounts_adslpisos_name'))]"
            ],
            "sku": {
                "name": "Standard_LRS",
                "tier": "Standard"
            },
            "properties": {
                "cors": {
                    "corsRules": []
                },
                "deleteRetentionPolicy": {
                    "allowPermanentDelete": false,
                    "enabled": true,
                    "days": 7
                },
                "containerDeleteRetentionPolicy": {
                    "enabled": true,
                    "days": 7
                }
            }
        },
        {
            "type": "Microsoft.Storage/storageAccounts/fileServices",
            "apiVersion": "2023-05-01",
            "name": "[concat(parameters('storageAccounts_adslpisos_name'), '/default')]",
            "dependsOn": [
                "[resourceId('Microsoft.Storage/storageAccounts', parameters('storageAccounts_adslpisos_name'))]"
            ],
            "sku": {
                "name": "Standard_LRS",
                "tier": "Standard"
            },
            "properties": {
                "protocolSettings": {
                    "smb": {}
                },
                "cors": {
                    "corsRules": []
                },
                "shareDeleteRetentionPolicy": {
                    "enabled": true,
                    "days": 7
                }
            }
        },
        {
            "type": "Microsoft.Storage/storageAccounts/queueServices",
            "apiVersion": "2023-05-01",
            "name": "[concat(parameters('storageAccounts_adslpisos_name'), '/default')]",
            "dependsOn": [
                "[resourceId('Microsoft.Storage/storageAccounts', parameters('storageAccounts_adslpisos_name'))]"
            ],
            "properties": {
                "cors": {
                    "corsRules": []
                }
            }
        },
        {
            "type": "Microsoft.Storage/storageAccounts/tableServices",
            "apiVersion": "2023-05-01",
            "name": "[concat(parameters('storageAccounts_adslpisos_name'), '/default')]",
            "dependsOn": [
                "[resourceId('Microsoft.Storage/storageAccounts', parameters('storageAccounts_adslpisos_name'))]"
            ],
            "properties": {
                "cors": {
                    "corsRules": []
                }
            }
        },
        {
            "type": "Microsoft.Web/sites",
            "apiVersion": "2023-12-01",
            "name": "[parameters('sites_APIidelist_name')]",
            "location": "North Europe",
            "dependsOn": [
                "[resourceId('Microsoft.Web/serverfarms', parameters('serverfarms_ASP_AzurePisos_a6ea_name'))]"
            ],
            "tags": {
                "projectpisos": "functionAPIidealist",
                "hidden-link: /app-insights-resource-id": "/subscriptions/287a1b92-4cdc-4139-9d27-02b364b6c027/resourceGroups/AzurePisos/providers/microsoft.insights/components/APIidelist",
                "hidden-link: /app-insights-instrumentation-key": "b664cd05-ebfb-4116-8378-a046b243dcbd",
                "hidden-link: /app-insights-conn-string": "InstrumentationKey=b664cd05-ebfb-4116-8378-a046b243dcbd;IngestionEndpoint=https://northeurope-2.in.applicationinsights.azure.com/;LiveEndpoint=https://northeurope.livediagnostics.monitor.azure.com/;ApplicationId=6137ecf3-2ba6-483e-8ba2-0c3ad3629e3e"
            },
            "kind": "functionapp,linux",
            "identity": {
                "type": "SystemAssigned, UserAssigned",
                "userAssignedIdentities": {
                    "/subscriptions/287a1b92-4cdc-4139-9d27-02b364b6c027/resourcegroups/AzurePisos/providers/Microsoft.ManagedIdentity/userAssignedIdentities/MIAVKapi": {}
                }
            },
            "properties": {
                "enabled": true,
                "hostNameSslStates": [
                    {
                        "name": "apiidelist.azurewebsites.net",
                        "sslState": "Disabled",
                        "hostType": "Standard"
                    },
                    {
                        "name": "apiidelist.scm.azurewebsites.net",
                        "sslState": "Disabled",
                        "hostType": "Repository"
                    }
                ],
                "serverFarmId": "[resourceId('Microsoft.Web/serverfarms', parameters('serverfarms_ASP_AzurePisos_a6ea_name'))]",
                "reserved": true,
                "isXenon": false,
                "hyperV": false,
                "dnsConfiguration": {},
                "vnetRouteAllEnabled": false,
                "vnetImagePullEnabled": false,
                "vnetContentShareEnabled": false,
                "siteConfig": {
                    "numberOfWorkers": 1,
                    "linuxFxVersion": "Python|3.11",
                    "acrUseManagedIdentityCreds": false,
                    "alwaysOn": false,
                    "http20Enabled": false,
                    "functionAppScaleLimit": 200,
                    "minimumElasticInstanceCount": 0
                },
                "scmSiteAlsoStopped": false,
                "clientAffinityEnabled": false,
                "clientCertEnabled": false,
                "clientCertMode": "Required",
                "hostNamesDisabled": false,
                "vnetBackupRestoreEnabled": false,
                "customDomainVerificationId": "79605B5BB00C9DBE7DD8D2EAC307CA2CFF27EC67ED271643694E1B5DA397A772",
                "containerSize": 1536,
                "dailyMemoryTimeQuota": 0,
                "httpsOnly": true,
                "redundancyMode": "None",
                "publicNetworkAccess": "Enabled",
                "storageAccountRequired": false,
                "keyVaultReferenceIdentity": "SystemAssigned"
            }
        },
        {
            "type": "Microsoft.Web/sites/basicPublishingCredentialsPolicies",
            "apiVersion": "2023-12-01",
            "name": "[concat(parameters('sites_APIidelist_name'), '/ftp')]",
            "location": "North Europe",
            "dependsOn": [
                "[resourceId('Microsoft.Web/sites', parameters('sites_APIidelist_name'))]"
            ],
            "tags": {
                "projectpisos": "functionAPIidealist",
                "hidden-link: /app-insights-resource-id": "/subscriptions/287a1b92-4cdc-4139-9d27-02b364b6c027/resourceGroups/AzurePisos/providers/microsoft.insights/components/APIidelist",
                "hidden-link: /app-insights-instrumentation-key": "b664cd05-ebfb-4116-8378-a046b243dcbd",
                "hidden-link: /app-insights-conn-string": "InstrumentationKey=b664cd05-ebfb-4116-8378-a046b243dcbd;IngestionEndpoint=https://northeurope-2.in.applicationinsights.azure.com/;LiveEndpoint=https://northeurope.livediagnostics.monitor.azure.com/;ApplicationId=6137ecf3-2ba6-483e-8ba2-0c3ad3629e3e"
            },
            "properties": {
                "allow": false
            }
        },
        {
            "type": "Microsoft.Web/sites/basicPublishingCredentialsPolicies",
            "apiVersion": "2023-12-01",
            "name": "[concat(parameters('sites_APIidelist_name'), '/scm')]",
            "location": "North Europe",
            "dependsOn": [
                "[resourceId('Microsoft.Web/sites', parameters('sites_APIidelist_name'))]"
            ],
            "tags": {
                "projectpisos": "functionAPIidealist",
                "hidden-link: /app-insights-resource-id": "/subscriptions/287a1b92-4cdc-4139-9d27-02b364b6c027/resourceGroups/AzurePisos/providers/microsoft.insights/components/APIidelist",
                "hidden-link: /app-insights-instrumentation-key": "b664cd05-ebfb-4116-8378-a046b243dcbd",
                "hidden-link: /app-insights-conn-string": "InstrumentationKey=b664cd05-ebfb-4116-8378-a046b243dcbd;IngestionEndpoint=https://northeurope-2.in.applicationinsights.azure.com/;LiveEndpoint=https://northeurope.livediagnostics.monitor.azure.com/;ApplicationId=6137ecf3-2ba6-483e-8ba2-0c3ad3629e3e"
            },
            "properties": {
                "allow": false
            }
        },
        {
            "type": "Microsoft.Web/sites/config",
            "apiVersion": "2023-12-01",
            "name": "[concat(parameters('sites_APIidelist_name'), '/web')]",
            "location": "North Europe",
            "dependsOn": [
                "[resourceId('Microsoft.Web/sites', parameters('sites_APIidelist_name'))]"
            ],
            "tags": {
                "projectpisos": "functionAPIidealist",
                "hidden-link: /app-insights-resource-id": "/subscriptions/287a1b92-4cdc-4139-9d27-02b364b6c027/resourceGroups/AzurePisos/providers/microsoft.insights/components/APIidelist",
                "hidden-link: /app-insights-instrumentation-key": "b664cd05-ebfb-4116-8378-a046b243dcbd",
                "hidden-link: /app-insights-conn-string": "InstrumentationKey=b664cd05-ebfb-4116-8378-a046b243dcbd;IngestionEndpoint=https://northeurope-2.in.applicationinsights.azure.com/;LiveEndpoint=https://northeurope.livediagnostics.monitor.azure.com/;ApplicationId=6137ecf3-2ba6-483e-8ba2-0c3ad3629e3e"
            },
            "properties": {
                "numberOfWorkers": 1,
                "defaultDocuments": [
                    "Default.htm",
                    "Default.html",
                    "Default.asp",
                    "index.htm",
                    "index.html",
                    "iisstart.htm",
                    "default.aspx",
                    "index.php"
                ],
                "netFrameworkVersion": "v4.0",
                "linuxFxVersion": "Python|3.11",
                "requestTracingEnabled": false,
                "remoteDebuggingEnabled": false,
                "httpLoggingEnabled": false,
                "acrUseManagedIdentityCreds": false,
                "logsDirectorySizeLimit": 35,
                "detailedErrorLoggingEnabled": false,
                "publishingUsername": "REDACTED",
                "scmType": "None",
                "use32BitWorkerProcess": false,
                "webSocketsEnabled": false,
                "alwaysOn": false,
                "managedPipelineMode": "Integrated",
                "virtualApplications": [
                    {
                        "virtualPath": "/",
                        "physicalPath": "site\\wwwroot",
                        "preloadEnabled": false
                    }
                ],
                "loadBalancing": "LeastRequests",
                "experiments": {
                    "rampUpRules": []
                },
                "autoHealEnabled": false,
                "vnetRouteAllEnabled": false,
                "vnetPrivatePortsCount": 0,
                "publicNetworkAccess": "Enabled",
                "cors": {
                    "allowedOrigins": [
                        "https://portal.azure.com"
                    ],
                    "supportCredentials": false
                },
                "localMySqlEnabled": false,
                "managedServiceIdentityId": 23959,
                "xManagedServiceIdentityId": 23961,
                "ipSecurityRestrictions": [
                    {
                        "ipAddress": "Any",
                        "action": "Allow",
                        "priority": 2147483647,
                        "name": "Allow all",
                        "description": "Allow all access"
                    }
                ],
                "scmIpSecurityRestrictions": [
                    {
                        "ipAddress": "Any",
                        "action": "Allow",
                        "priority": 2147483647,
                        "name": "Allow all",
                        "description": "Allow all access"
                    }
                ],
                "scmIpSecurityRestrictionsUseMain": false,
                "http20Enabled": false,
                "minTlsVersion": "1.2",
                "scmMinTlsVersion": "1.2",
                "ftpsState": "FtpsOnly",
                "preWarmedInstanceCount": 0,
                "functionAppScaleLimit": 200,
                "functionsRuntimeScaleMonitoringEnabled": false,
                "minimumElasticInstanceCount": 0,
                "azureStorageAccounts": {}
            }
        },
        {
            "type": "Microsoft.Web/sites/functions",
            "apiVersion": "2023-12-01",
            "name": "[concat(parameters('sites_APIidelist_name'), '/timer_triggerAFuctionIde')]",
            "location": "North Europe",
            "dependsOn": [
                "[resourceId('Microsoft.Web/sites', parameters('sites_APIidelist_name'))]"
            ],
            "properties": {
                "script_href": "https://apiidelist.azurewebsites.net/admin/vfs/home/site/wwwroot/function_app.py",
                "test_data_href": "https://apiidelist.azurewebsites.net/admin/vfs/tmp/FunctionsData/timer_triggerAFuctionIde.dat",
                "href": "https://apiidelist.azurewebsites.net/admin/functions/timer_triggerAFuctionIde",
                "config": {
                    "name": "timer_triggerAFuctionIde",
                    "entryPoint": "timer_triggerAFuctionIde",
                    "scriptFile": "function_app.py",
                    "language": "python",
                    "functionDirectory": "/home/site/wwwroot",
                    "bindings": [
                        {
                            "direction": "IN",
                            "type": "timerTrigger",
                            "name": "myTimer",
                            "schedule": "0 0 0 12,24 * *",
                            "runOnStartup": false,
                            "useMonitor": false
                        }
                    ]
                },
                "language": "python",
                "isDisabled": false
            }
        },
        {
            "type": "Microsoft.Web/sites/functions",
            "apiVersion": "2023-12-01",
            "name": "[concat(parameters('sites_APIidelist_name'), '/timer_triggerAPI')]",
            "location": "North Europe",
            "dependsOn": [
                "[resourceId('Microsoft.Web/sites', parameters('sites_APIidelist_name'))]"
            ],
            "properties": {
                "script_href": "https://apiidelist.azurewebsites.net/admin/vfs/home/site/wwwroot/function_app.py",
                "test_data_href": "https://apiidelist.azurewebsites.net/admin/vfs/tmp/FunctionsData/timer_triggerAPI.dat",
                "href": "https://apiidelist.azurewebsites.net/admin/functions/timer_triggerAPI",
                "config": {
                    "name": "timer_triggerAPI",
                    "entryPoint": "timer_triggerAPI",
                    "scriptFile": "function_app.py",
                    "language": "python",
                    "functionDirectory": "/home/site/wwwroot",
                    "bindings": [
                        {
                            "direction": "IN",
                            "type": "timerTrigger",
                            "name": "myTimer",
                            "schedule": "0 0 0 13,17 * *",
                            "runOnStartup": false,
                            "useMonitor": false
                        }
                    ]
                },
                "language": "python",
                "isDisabled": false
            }
        },
        {
            "type": "Microsoft.Web/sites/hostNameBindings",
            "apiVersion": "2023-12-01",
            "name": "[concat(parameters('sites_APIidelist_name'), '/', parameters('sites_APIidelist_name'), '.azurewebsites.net')]",
            "location": "North Europe",
            "dependsOn": [
                "[resourceId('Microsoft.Web/sites', parameters('sites_APIidelist_name'))]"
            ],
            "properties": {
                "siteName": "APIidelist",
                "hostNameType": "Verified"
            }
        },
        {
            "type": "Microsoft.Storage/storageAccounts/blobServices/containers",
            "apiVersion": "2023-05-01",
            "name": "[concat(parameters('storageAccounts_adslpisos_name'), '/default/adb-catalog')]",
            "dependsOn": [
                "[resourceId('Microsoft.Storage/storageAccounts/blobServices', parameters('storageAccounts_adslpisos_name'), 'default')]",
                "[resourceId('Microsoft.Storage/storageAccounts', parameters('storageAccounts_adslpisos_name'))]"
            ],
            "properties": {
                "immutableStorageWithVersioning": {
                    "enabled": false
                },
                "defaultEncryptionScope": "$account-encryption-key",
                "denyEncryptionScopeOverride": false,
                "publicAccess": "None"
            }
        },
        {
            "type": "Microsoft.Storage/storageAccounts/blobServices/containers",
            "apiVersion": "2023-05-01",
            "name": "[concat(parameters('storageAccounts_adslpisos_name'), '/default/afstorage')]",
            "dependsOn": [
                "[resourceId('Microsoft.Storage/storageAccounts/blobServices', parameters('storageAccounts_adslpisos_name'), 'default')]",
                "[resourceId('Microsoft.Storage/storageAccounts', parameters('storageAccounts_adslpisos_name'))]"
            ],
            "properties": {
                "immutableStorageWithVersioning": {
                    "enabled": false
                },
                "defaultEncryptionScope": "$account-encryption-key",
                "denyEncryptionScopeOverride": false,
                "publicAccess": "Container"
            }
        },
        {
            "type": "Microsoft.Storage/storageAccounts/blobServices/containers",
            "apiVersion": "2023-05-01",
            "name": "[concat(parameters('storageAccounts_adslpisos_name'), '/default/azure-webjobs-hosts')]",
            "dependsOn": [
                "[resourceId('Microsoft.Storage/storageAccounts/blobServices', parameters('storageAccounts_adslpisos_name'), 'default')]",
                "[resourceId('Microsoft.Storage/storageAccounts', parameters('storageAccounts_adslpisos_name'))]"
            ],
            "properties": {
                "immutableStorageWithVersioning": {
                    "enabled": false
                },
                "defaultEncryptionScope": "$account-encryption-key",
                "denyEncryptionScopeOverride": false,
                "publicAccess": "None"
            }
        },
        {
            "type": "Microsoft.Storage/storageAccounts/blobServices/containers",
            "apiVersion": "2023-05-01",
            "name": "[concat(parameters('storageAccounts_adslpisos_name'), '/default/azure-webjobs-secrets')]",
            "dependsOn": [
                "[resourceId('Microsoft.Storage/storageAccounts/blobServices', parameters('storageAccounts_adslpisos_name'), 'default')]",
                "[resourceId('Microsoft.Storage/storageAccounts', parameters('storageAccounts_adslpisos_name'))]"
            ],
            "properties": {
                "immutableStorageWithVersioning": {
                    "enabled": false
                },
                "defaultEncryptionScope": "$account-encryption-key",
                "denyEncryptionScopeOverride": false,
                "publicAccess": "None"
            }
        },
        {
            "type": "Microsoft.Storage/storageAccounts/blobServices/containers",
            "apiVersion": "2023-05-01",
            "name": "[concat(parameters('storageAccounts_adslpisos_name'), '/default/bronzelayer')]",
            "dependsOn": [
                "[resourceId('Microsoft.Storage/storageAccounts/blobServices', parameters('storageAccounts_adslpisos_name'), 'default')]",
                "[resourceId('Microsoft.Storage/storageAccounts', parameters('storageAccounts_adslpisos_name'))]"
            ],
            "properties": {
                "immutableStorageWithVersioning": {
                    "enabled": false
                },
                "defaultEncryptionScope": "$account-encryption-key",
                "denyEncryptionScopeOverride": false,
                "publicAccess": "Container"
            }
        },
        {
            "type": "Microsoft.Storage/storageAccounts/blobServices/containers",
            "apiVersion": "2023-05-01",
            "name": "[concat(parameters('storageAccounts_adslpisos_name'), '/default/goldlayer')]",
            "dependsOn": [
                "[resourceId('Microsoft.Storage/storageAccounts/blobServices', parameters('storageAccounts_adslpisos_name'), 'default')]",
                "[resourceId('Microsoft.Storage/storageAccounts', parameters('storageAccounts_adslpisos_name'))]"
            ],
            "properties": {
                "immutableStorageWithVersioning": {
                    "enabled": false
                },
                "defaultEncryptionScope": "$account-encryption-key",
                "denyEncryptionScopeOverride": false,
                "publicAccess": "None"
            }
        },
        {
            "type": "Microsoft.Storage/storageAccounts/blobServices/containers",
            "apiVersion": "2023-05-01",
            "name": "[concat(parameters('storageAccounts_adslpisos_name'), '/default/scm-releases')]",
            "dependsOn": [
                "[resourceId('Microsoft.Storage/storageAccounts/blobServices', parameters('storageAccounts_adslpisos_name'), 'default')]",
                "[resourceId('Microsoft.Storage/storageAccounts', parameters('storageAccounts_adslpisos_name'))]"
            ],
            "properties": {
                "immutableStorageWithVersioning": {
                    "enabled": false
                },
                "defaultEncryptionScope": "$account-encryption-key",
                "denyEncryptionScopeOverride": false,
                "publicAccess": "None"
            }
        },
        {
            "type": "Microsoft.Storage/storageAccounts/blobServices/containers",
            "apiVersion": "2023-05-01",
            "name": "[concat(parameters('storageAccounts_adslpisos_name'), '/default/silverlayer')]",
            "dependsOn": [
                "[resourceId('Microsoft.Storage/storageAccounts/blobServices', parameters('storageAccounts_adslpisos_name'), 'default')]",
                "[resourceId('Microsoft.Storage/storageAccounts', parameters('storageAccounts_adslpisos_name'))]"
            ],
            "properties": {
                "immutableStorageWithVersioning": {
                    "enabled": false
                },
                "defaultEncryptionScope": "$account-encryption-key",
                "denyEncryptionScopeOverride": false,
                "publicAccess": "None"
            }
        },
        {
            "type": "Microsoft.Storage/storageAccounts/fileServices/shares",
            "apiVersion": "2023-05-01",
            "name": "[concat(parameters('storageAccounts_adslpisos_name'), '/default/apiidelistb08c')]",
            "dependsOn": [
                "[resourceId('Microsoft.Storage/storageAccounts/fileServices', parameters('storageAccounts_adslpisos_name'), 'default')]",
                "[resourceId('Microsoft.Storage/storageAccounts', parameters('storageAccounts_adslpisos_name'))]"
            ],
            "properties": {
                "accessTier": "TransactionOptimized",
                "shareQuota": 102400,
                "enabledProtocols": "SMB"
            }
        }
    ]
}